date,time,patient_floor_1,patient_floor_2,patient_floor_3,patient_floor_4,patient_floor_5,medicines_available_1,medicines_available_2,medicines_available_3,medicines_available_4,medicines_available_5,beds_available_1,beds_available_2,beds_available_3,beds_available_4,beds_available_5,special_cases_1,special_cases_2,special_cases_3,special_cases_4,special_cases_5,similar_problem_patients_1,similar_problem_patients_2,similar_problem_patients_3,similar_problem_patients_4,similar_problem_patients_5,priority_floor,medicine_reallocation,allocate_to_another_floor
1,6,17,3,16,11,19,182,102,164,116,169,3,17,4,9,1,6,0,1,2,2,1,1,1,6,7,3,6,0
1,12,19,14,17,19,9,144,58,109,93,136,1,6,3,1,11,9,0,4,1,8,6,4,2,4,3,5,0,1
1,18,4,11,17,19,19,50,61,61,54,54,16,9,3,1,1,0,0,0,4,3,1,7,5,7,9,2,12,0
1,24,6,6,1,9,7,106,72,193,109,189,14,14,19,11,13,1,0,0,8,5,6,5,0,3,1,2,7,1
2,6,9,13,14,8,2,160,141,169,171,64,11,7,6,12,18,4,8,7,4,2,8,9,1,8,1,3,17,0
2,12,16,9,16,2,9,141,103,191,58,100,4,11,4,18,11,5,2,5,0,5,1,5,2,0,8,5,19,1
2,18,16,16,17,6,17,59,123,68,157,147,4,4,3,14,3,5,0,9,1,8,7,5,7,1,1,1,17,1
2,24,17,1,6,10,18,86,169,85,163,166,3,19,14,10,2,6,1,5,2,8,7,0,4,3,2,3,9,0
3,6,4,7,2,9,9,89,169,112,170,136,16,13,18,11,11,2,2,2,3,3,1,6,2,8,5,4,8,0
3,12,17,13,9,13,2,93,107,74,139,51,3,7,11,7,18,5,2,6,7,0,2,0,8,4,2,1,11,0
3,18,19,14,11,15,15,80,144,82,101,132,1,6,9,5,5,1,6,6,6,2,5,3,6,6,7,5,12,1
3,24,4,11,3,18,1,85,145,73,114,165,16,9,17,2,19,0,7,0,1,0,4,5,2,2,1,2,16,0
4,6,12,9,11,6,19,98,103,102,59,71,8,11,9,14,1,3,6,3,1,9,1,2,5,2,3,5,13,1
4,12,19,14,11,11,18,106,90,123,113,95,1,6,9,9,2,8,7,1,1,3,2,1,4,6,8,1,7,0
4,18,15,17,15,3,0,158,66,65,110,85,5,3,5,17,20,1,6,2,1,0,2,0,6,3,0,1,2,1
4,24,5,8,1,2,18,149,73,164,149,119,15,12,19,18,2,1,1,1,0,6,4,4,0,0,3,5,3,1
5,6,19,14,0,7,6,71,53,166,50,53,1,6,20,13,14,4,4,0,7,3,7,3,0,3,3,5,11,0
5,12,15,15,15,14,16,76,173,89,190,54,5,5,5,6,4,0,1,5,6,5,2,7,3,2,1,3,19,1
5,18,7,15,16,5,8,199,91,73,66,175,13,5,4,15,12,4,3,3,5,3,3,8,1,2,8,3,11,1
5,24,11,15,7,3,15,92,108,62,51,140,9,5,13,17,5,3,9,0,3,2,2,7,3,1,7,2,7,1
6,6,2,1,10,1,7,77,110,103,149,137,18,19,10,19,13,2,1,1,0,7,1,1,5,1,5,5,10,0
6,12,18,3,13,6,6,70,191,153,76,104,2,17,7,14,14,0,2,3,6,0,3,1,3,5,4,3,8,0
6,18,11,3,2,18,11,114,197,193,68,183,9,17,18,2,9,5,1,0,9,0,6,2,2,8,6,2,11,0
6,24,6,10,4,1,6,128,139,80,160,105,14,10,16,19,14,5,4,3,0,2,3,2,0,0,5,4,6,1
7,6,4,2,1,18,14,120,195,167,108,71,16,18,19,2,6,0,1,1,1,7,3,0,0,9,6,3,15,0
7,12,19,9,17,2,9,55,167,173,146,148,1,11,3,18,11,6,8,0,2,7,3,0,8,1,9,3,0,1
7,18,2,4,3,1,17,76,170,192,169,126,18,16,17,19,3,1,4,1,0,8,2,0,2,1,6,1,1,0
7,24,13,17,14,10,6,115,54,175,52,150,7,3,6,10,14,5,2,0,8,1,4,7,2,3,0,1,5,0
8,6,16,11,2,1,0,168,99,153,187,95,4,9,18,19,20,2,3,2,1,0,5,4,2,0,0,2,7,0
8,12,15,0,0,0,10,110,196,191,169,188,5,20,20,20,10,8,0,0,0,5,6,0,0,0,2,5,7,0
8,18,6,0,0,14,18,129,168,125,139,94,14,20,20,6,2,5,0,0,5,6,4,0,0,2,3,2,5,1
8,24,3,2,18,4,19,94,109,91,164,60,17,18,2,16,1,2,1,6,4,1,1,1,8,4,2,2,5,0
9,6,17,6,5,10,18,157,169,97,51,53,3,14,15,10,2,0,3,3,2,8,2,6,4,1,8,1,7,1
9,12,9,19,3,3,12,195,85,149,108,150,11,1,17,17,8,6,5,3,2,9,1,6,1,1,0,2,2,0
9,18,9,8,19,15,12,149,173,197,103,129,11,12,1,5,8,8,7,0,8,7,3,6,6,4,9,4,2,0
9,24,2,14,2,2,0,107,159,55,131,62,18,6,18,18,20,0,7,2,2,0,2,7,0,1,0,4,19,0
10,6,15,3,8,16,3,174,182,75,99,196,5,17,12,4,17,9,0,2,3,1,2,3,1,2,1,1,2,0
10,12,12,4,0,8,17,102,111,180,81,149,8,16,20,12,3,9,3,0,0,7,4,4,0,7,7,2,5,1
10,18,0,2,6,9,8,136,191,126,51,77,20,18,14,11,12,0,0,3,7,3,0,1,0,5,1,2,10,0
10,24,0,11,15,3,5,135,150,54,159,143,20,9,5,17,15,0,0,1,3,2,0,9,2,2,3,3,10,0
11,6,13,18,1,10,14,64,174,57,83,136,7,2,19,10,6,1,6,0,3,2,6,0,1,7,4,2,5,0
11,12,11,8,11,5,8,68,104,195,60,122,9,12,9,15,12,4,0,7,3,5,9,2,2,4,3,4,9,1
11,18,14,9,1,11,9,191,136,77,111,118,6,11,19,9,11,4,4,1,2,4,0,1,0,1,3,5,2,0
11,24,16,3,18,0,13,128,63,191,190,120,4,17,2,20,7,8,3,8,0,8,2,0,2,0,4,3,18,1
12,6,5,15,11,12,16,196,116,188,123,62,15,5,9,8,4,0,1,0,0,7,5,6,8,1,5,3,9,0
12,12,19,17,11,16,0,161,114,144,89,185,1,3,9,4,20,3,0,4,2,0,4,9,1,6,0,3,11,0
12,18,14,18,1,17,18,188,88,147,165,130,6,2,19,3,2,4,5,1,9,5,5,9,1,1,2,1,15,1
12,24,11,7,10,8,18,69,163,121,72,82,9,13,10,12,2,8,4,0,2,7,6,4,1,2,9,2,1,0
13,6,9,7,16,1,6,107,72,73,97,117,11,13,4,19,14,6,2,9,0,2,1,7,9,0,4,4,11,1
13,12,8,3,12,15,5,123,99,146,65,62,12,17,8,5,15,6,0,0,3,0,4,0,1,7,4,3,1,1
13,18,4,16,3,12,18,61,105,54,121,62,16,4,17,8,2,0,0,1,3,7,1,0,3,5,4,5,4,1
13,24,2,12,6,14,6,139,61,97,142,153,18,8,14,6,14,0,6,3,8,1,2,7,2,3,0,4,19,0
14,6,14,7,14,14,2,90,115,89,99,70,6,13,6,6,18,7,7,9,8,0,7,6,2,5,0,1,15,0
14,12,18,6,12,13,13,58,122,64,105,155,2,14,8,7,7,3,3,4,4,9,3,2,0,3,7,5,3,1
14,18,10,8,18,10,1,190,54,167,184,70,10,12,2,10,19,2,1,4,0,1,5,4,0,5,1,1,4,0
14,24,8,14,11,0,11,175,199,143,52,60,12,6,9,20,9,3,2,6,0,1,8,3,8,0,2,4,8,1
15,6,13,3,2,13,11,158,106,114,85,158,7,17,18,7,9,7,3,2,8,1,3,1,1,9,5,4,18,1
15,12,7,0,5,7,14,80,81,193,92,54,13,20,15,13,6,0,0,5,2,4,3,0,4,0,3,3,8,0
15,18,11,8,8,0,14,93,138,101,75,161,9,12,12,20,6,1,5,8,0,1,4,1,1,0,0,3,4,0
15,24,3,15,18,5,17,127,95,61,141,57,17,5,2,15,3,0,8,1,5,8,1,3,7,2,6,2,18,1
16,6,18,7,16,2,7,197,120,167,158,186,2,13,4,18,13,8,3,9,2,6,9,1,2,2,1,4,13,1
16,12,15,7,17,2,12,128,164,92,96,142,5,13,3,18,8,3,6,2,1,9,5,5,0,1,7,3,7,0
16,18,16,9,18,3,7,180,180,189,74,110,4,11,2,17,13,6,1,4,3,5,6,9,0,1,0,1,19,1
16,24,8,10,13,10,12,147,195,146,69,105,12,10,7,10,8,2,6,4,6,5,7,0,4,8,7,5,13,0
17,6,3,10,10,3,6,106,181,67,153,54,17,10,10,17,14,3,6,8,1,2,2,1,6,3,5,4,18,1
17,12,16,3,6,4,18,159,199,152,152,71,4,17,14,16,2,0,0,6,0,6,2,0,6,0,5,5,11,1
17,18,1,2,15,11,11,181,99,82,115,98,19,18,5,9,9,1,1,3,1,6,1,2,7,7,0,2,14,1
17,24,6,1,5,6,1,175,147,113,57,154,14,19,15,14,19,5,0,5,6,0,1,1,0,3,0,4,2,0
18,6,13,2,14,15,2,181,115,143,88,87,7,18,6,5,18,6,2,9,4,2,7,0,2,8,2,2,1,1
18,12,7,11,9,7,2,165,163,166,143,123,13,9,11,13,18,1,6,7,6,2,6,8,8,7,1,1,18,0
18,18,2,7,7,18,12,82,129,198,51,64,18,13,13,2,8,0,6,7,2,6,1,3,3,4,1,4,10,0
18,24,0,17,8,1,6,100,178,155,95,103,20,3,12,19,14,0,4,5,0,4,0,6,1,1,6,2,1,0
19,6,8,15,18,2,11,124,151,188,138,139,12,5,2,18,9,4,0,8,2,0,7,0,4,2,2,2,9,0
19,12,8,5,2,14,1,132,173,75,79,91,12,15,18,6,19,3,5,1,3,0,8,1,0,6,1,1,1,1
19,18,15,13,2,14,19,60,184,56,173,199,5,7,18,6,1,6,5,1,4,7,8,1,1,8,8,3,9,0
19,24,16,16,7,13,6,197,92,101,91,89,4,4,13,7,14,7,2,1,0,3,8,6,1,5,3,2,1,1
20,6,11,8,18,17,1,182,185,51,152,136,9,12,2,3,19,2,7,2,9,1,0,3,6,7,1,1,1,1
20,12,3,14,13,18,16,112,197,149,135,169,17,6,7,2,4,0,4,4,9,5,0,8,9,4,2,3,2,1
20,18,15,1,10,10,3,143,138,164,194,131,5,19,10,10,17,8,1,7,0,0,7,1,9,1,1,4,16,0
20,24,0,19,6,3,12,168,76,110,109,138,20,1,14,17,8,0,8,2,0,4,0,5,5,0,8,4,19,1
21,6,3,12,16,13,6,63,65,183,163,101,17,8,4,7,14,2,8,7,1,6,3,5,0,4,0,3,7,1
21,12,9,18,12,16,15,165,58,161,165,192,11,2,8,4,5,1,2,6,0,4,5,1,0,1,8,4,6,0
21,18,8,17,5,3,17,121,72,135,158,107,12,3,15,17,3,0,6,0,0,7,5,0,3,3,6,1,1,1
21,24,8,16,3,4,14,119,89,113,50,184,12,4,17,16,6,8,1,3,3,1,2,9,3,0,7,5,13,1
22,6,4,11,5,11,14,183,108,53,180,189,16,9,15,9,6,2,6,0,7,8,3,3,5,6,4,5,3,0
22,12,7,8,12,18,11,55,75,146,156,158,13,12,8,2,9,1,1,8,9,2,3,3,8,0,4,5,0,1
22,18,1,11,6,18,5,63,179,181,192,145,19,9,14,2,15,0,4,2,7,2,0,9,6,0,0,4,5,1
22,24,10,2,7,9,19,158,182,192,80,159,10,18,13,11,1,4,1,7,2,9,7,2,6,8,3,1,7,1
23,6,19,9,10,12,5,171,101,82,72,67,1,11,10,8,15,4,0,0,7,3,8,9,9,6,5,3,6,1
23,12,1,3,0,7,3,82,123,117,82,148,19,17,20,13,17,0,2,0,1,0,1,2,0,3,2,1,19,1
23,18,9,5,18,14,11,170,58,171,64,61,11,15,2,6,9,0,4,6,7,2,6,3,0,4,0,1,15,1
23,24,19,17,3,5,5,178,69,183,98,51,1,3,17,15,15,4,9,1,0,2,4,2,0,3,1,1,10,0
24,6,14,14,13,12,16,142,140,129,175,125,6,6,7,8,4,4,2,6,9,4,7,2,8,4,3,1,15,0
24,12,10,6,11,2,7,78,147,115,158,92,10,14,9,18,13,9,2,7,1,3,8,4,9,0,3,2,17,0
24,18,5,4,4,8,17,186,141,186,199,73,15,16,16,12,3,5,2,2,4,6,3,3,0,3,2,4,19,0
24,24,15,5,10,14,4,121,181,191,51,133,5,15,10,6,16,5,0,7,0,3,3,4,3,2,2,3,6,1
25,6,14,5,7,18,5,192,157,127,69,100,6,15,13,2,15,2,5,0,4,5,2,1,7,4,2,1,17,1
25,12,18,4,0,12,17,141,143,71,162,124,2,16,20,8,3,2,3,0,9,9,4,2,0,3,0,4,11,0
25,18,11,12,16,16,5,193,132,136,163,150,9,8,4,4,15,6,0,5,3,4,0,8,4,7,1,3,11,0
25,24,15,2,15,2,7,98,61,199,116,100,5,18,5,18,13,1,2,9,1,4,8,2,5,2,1,5,2,1
26,6,10,5,2,11,0,117,138,55,137,60,10,15,18,9,20,6,1,2,6,0,4,4,2,9,0,1,2,0
26,12,11,10,2,5,10,174,83,131,102,135,9,10,18,15,10,5,4,2,5,0,5,9,2,4,2,3,1,1
26,18,12,14,3,3,18,68,97,147,151,179,8,6,17,17,2,7,5,2,1,1,2,2,2,0,6,3,13,1
26,24,1,11,18,12,4,168,177,153,95,160,19,9,2,8,16,1,6,8,7,1,1,0,6,5,3,4,3,1
27,6,1,9,16,17,8,50,178,74,141,96,19,11,4,3,12,0,6,3,0,4,1,5,5,4,2,2,9,0
27,12,3,19,1,12,2,174,160,122,180,107,17,1,19,8,18,3,6,1,5,0,2,2,1,6,0,5,7,1
27,18,0,0,17,1,10,192,192,141,67,145,20,20,3,19,10,0,0,9,1,4,0,0,1,1,6,2,10,1
27,24,1,16,19,8,18,103,173,163,144,114,19,4,1,12,2,0,6,0,7,3,1,5,9,8,4,1,3,1
28,6,9,19,16,9,9,75,176,54,165,55,11,1,4,11,11,5,1,0,0,6,4,4,9,1,2,3,10,0
28,12,10,12,12,2,5,91,168,72,182,78,10,8,8,18,15,8,7,5,2,0,9,4,5,1,3,5,17,1
28,18,18,4,1,12,17,153,179,121,154,163,2,16,19,8,3,8,0,1,4,9,9,3,1,9,4,2,7,0
28,24,5,19,4,9,14,156,54,102,149,189,15,1,16,11,6,4,2,4,2,2,0,0,2,8,3,5,2,0
29,6,18,0,9,12,15,83,174,195,80,103,2,20,11,8,5,6,0,1,4,1,3,0,2,2,6,5,15,1
29,12,17,14,14,13,19,131,108,92,113,150,3,6,6,7,1,0,6,9,3,1,6,7,0,2,0,5,5,1
29,18,11,3,0,4,18,58,121,170,97,120,9,17,20,16,2,7,0,0,2,0,8,2,0,0,2,3,2,1
29,24,3,17,11,1,18,99,50,66,136,128,17,3,9,19,2,0,8,1,0,7,2,7,7,1,3,2,9,0
30,6,10,17,14,16,12,74,103,69,157,99,10,3,6,4,8,9,7,5,8,6,9,4,1,7,8,3,16,1
30,12,4,12,17,16,15,114,53,157,165,168,16,8,3,4,5,1,3,7,9,4,2,5,3,1,2,3,5,1
30,18,12,3,8,13,8,127,111,152,79,174,8,17,12,7,12,9,1,6,9,8,5,0,8,0,5,5,18,1
30,24,18,17,13,19,6,176,57,109,83,86,2,3,7,1,14,2,4,1,9,3,5,5,3,6,4,1,2,1
31,6,13,13,9,16,16,78,191,55,119,76,7,7,11,4,4,9,7,3,3,4,2,3,9,6,0,4,11,1
31,12,19,11,17,12,6,164,171,84,161,152,1,9,3,8,14,4,4,2,9,4,3,6,2,5,6,5,14,1
31,18,13,1,16,4,15,103,194,120,155,140,7,19,4,16,5,9,1,8,0,7,0,0,0,3,6,2,14,0
31,24,0,10,4,1,17,79,84,50,52,69,20,10,16,19,3,0,4,1,0,3,0,8,4,0,2,1,13,1
32,6,0,14,12,12,15,64,57,190,112,118,20,6,8,8,5,0,5,2,2,2,0,2,9,8,0,2,4,1
32,12,12,1,7,0,12,60,186,65,69,162,8,19,13,20,8,5,1,4,0,7,5,0,2,0,0,2,10,1
32,18,7,12,14,7,13,125,118,160,61,79,13,8,6,13,7,0,8,7,5,1,3,2,5,5,6,2,5,1
32,24,6,15,11,7,17,75,59,142,51,115,14,5,9,13,3,0,0,3,3,8,2,3,1,2,1,4,15,0
33,6,13,0,13,10,4,57,187,55,82,171,7,20,7,10,16,1,0,3,0,0,1,0,6,9,3,5,7,1
33,12,4,7,17,14,4,173,138,181,163,57,16,13,3,6,16,1,4,8,7,0,2,5,8,2,2,1,7,0
33,18,13,17,3,15,1,121,60,79,194,75,7,3,17,5,19,5,6,3,3,1,4,0,2,2,0,1,7,1
33,24,1,15,7,9,0,141,72,66,178,166,19,5,13,11,20,1,4,0,5,0,0,3,4,2,0,4,8,1
34,6,11,14,10,15,14,103,170,180,174,138,9,6,10,5,6,2,3,0,6,9,1,8,2,3,7,2,16,0
34,12,3,15,19,10,16,103,185,74,138,88,17,5,1,10,4,0,3,6,0,0,1,4,9,8,6,4,1,1
34,18,1,13,8,9,11,103,101,112,170,72,19,7,12,11,9,1,8,8,2,7,0,5,6,5,0,4,17,1
34,24,10,11,19,3,18,66,141,125,156,135,10,9,1,17,2,9,5,3,3,2,1,5,5,2,5,4,12,1
35,6,2,13,10,14,15,97,99,95,65,139,18,7,10,6,5,0,8,5,4,8,1,0,8,6,7,3,3,1
35,12,12,12,4,14,3,97,109,135,67,59,8,8,16,6,17,2,7,4,0,2,8,9,3,4,0,4,1,0
35,18,2,2,3,16,11,199,121,101,107,153,18,18,17,4,9,0,0,2,7,0,2,0,1,3,3,4,5,1
35,24,7,13,5,4,18,156,146,120,105,178,13,7,15,16,2,5,2,3,3,4,3,1,5,0,0,5,19,1
36,6,14,14,11,2,6,108,87,169,116,107,6,6,9,18,14,4,3,9,0,1,6,2,5,1,5,1,7,1
36,12,17,13,17,11,10,137,109,171,81,122,3,7,3,9,10,7,4,5,0,3,1,3,0,6,0,1,18,0
36,18,8,7,4,19,11,78,148,171,57,195,12,13,16,1,9,0,0,3,8,7,7,0,4,3,5,4,17,0
36,24,0,9,13,4,2,146,55,55,192,130,20,11,7,16,18,0,3,9,1,2,0,4,3,2,1,4,16,1
37,6,11,10,3,19,7,55,168,65,138,196,9,10,17,1,13,5,3,0,3,5,8,1,2,5,1,4,13,0
37,12,16,16,15,15,11,104,170,154,182,121,4,4,5,5,9,7,0,3,4,2,5,7,9,3,1,5,6,1
37,18,0,14,4,6,4,152,134,95,125,197,20,6,16,14,16,0,9,1,0,2,0,3,0,5,0,4,15,1
37,24,6,3,16,1,6,76,184,54,132,104,14,17,4,19,14,1,0,3,0,1,6,1,3,0,4,2,19,0
38,6,19,9,12,9,15,74,185,81,113,131,1,11,8,11,5,3,0,6,2,5,7,4,5,3,6,1,1,0
38,12,18,12,9,3,3,54,57,145,71,76,2,8,11,17,17,0,4,6,3,2,0,3,5,2,0,5,8,1
38,18,16,13,17,14,6,132,156,111,195,90,4,7,3,6,14,2,2,1,2,6,5,4,0,6,3,3,19,0
38,24,1,4,8,17,11,145,109,129,159,72,19,16,12,3,9,0,1,3,6,3,0,2,8,7,7,2,18,0
39,6,4,18,7,18,5,165,126,118,110,188,16,2,13,2,15,2,9,1,1,5,2,5,3,3,3,1,13,0
39,12,18,4,10,18,15,139,59,99,156,120,2,16,10,2,5,9,1,4,2,1,4,0,4,6,0,5,6,1
39,18,3,3,19,15,14,79,76,72,89,56,17,17,1,5,6,0,0,7,0,9,3,1,7,9,2,4,12,0
39,24,18,18,15,17,8,127,64,156,197,184,2,2,5,3,12,5,0,0,6,1,7,3,2,0,3,2,1,1
40,6,8,11,12,4,2,99,142,92,151,63,12,9,8,16,18,4,6,8,0,0,7,5,5,2,2,3,4,0
40,12,1,2,9,7,12,142,145,65,131,114,19,18,11,13,8,1,2,0,0,2,0,1,6,4,5,1,8,0
40,18,13,8,5,13,18,88,125,86,154,134,7,12,15,7,2,3,1,2,7,2,9,8,4,4,4,4,6,0
40,24,19,12,10,4,9,56,140,104,141,125,1,8,10,16,11,8,3,5,0,6,5,5,1,0,9,5,4,0
41,6,12,12,2,6,11,199,180,102,117,142,8,8,18,14,9,0,0,0,4,2,0,8,1,6,7,4,18,0
41,12,13,15,7,11,1,142,133,165,134,77,7,5,13,9,19,7,8,6,5,0,7,5,3,5,0,3,8,1
41,18,8,16,16,14,4,81,154,64,155,62,12,4,4,6,16,1,6,8,2,1,1,4,3,7,4,3,12,1
41,24,13,1,18,16,11,189,72,100,160,191,7,19,2,4,9,6,0,9,3,8,6,0,9,6,4,3,15,0
42,6,12,15,3,19,10,113,195,165,56,173,8,5,17,1,10,5,7,0,5,6,9,3,1,1,9,4,18,0
42,12,2,10,11,17,6,140,196,135,163,131,18,10,9,3,14,0,1,5,1,5,1,0,9,6,3,3,3,0
42,18,3,2,7,16,0,66,90,95,138,103,17,18,13,4,20,2,0,4,4,0,2,0,2,3,0,2,16,0
42,24,7,0,5,9,15,172,150,87,93,183,13,20,15,11,5,4,0,3,4,6,5,0,5,0,4,4,7,1
43,6,4,4,18,0,14,57,57,137,63,116,16,16,2,20,6,1,1,9,0,4,4,4,0,0,2,2,12,1
43,12,18,2,16,12,4,77,146,139,132,180,2,18,4,8,16,2,2,7,3,4,5,2,2,6,4,3,9,0
43,18,14,10,1,10,16,127,91,177,162,197,6,10,19,10,4,7,4,0,3,7,3,1,1,3,8,2,17,0
43,24,17,1,17,7,18,193,93,67,78,73,3,19,3,13,2,2,1,3,6,9,2,0,7,4,8,1,3,0
44,6,4,3,0,12,14,173,171,57,165,83,16,17,20,8,6,1,1,0,6,9,2,2,0,8,2,1,6,0
44,12,4,13,0,8,1,127,154,68,86,76,16,7,20,12,19,0,6,0,6,1,1,5,0,5,0,2,6,0
44,18,2,13,1,13,15,51,94,72,133,171,18,7,19,7,5,0,8,1,8,2,1,7,0,9,5,3,18,0
44,24,2,15,8,10,6,147,131,86,80,101,18,5,12,10,14,0,9,1,7,6,0,7,6,5,1,2,2,0
45,6,19,1,13,12,0,70,75,194,84,150,1,19,7,8,20,3,1,0,4,0,1,1,0,2,0,1,3,1
45,12,15,0,5,4,12,199,70,62,165,77,5,20,15,16,8,9,0,2,1,7,1,0,4,4,5,1,0,0
45,18,4,10,12,0,18,142,136,100,65,139,16,10,8,20,2,1,0,9,0,9,4,5,9,0,2,5,12,1
45,24,14,1,12,17,17,89,76,90,115,186,6,19,8,3,3,9,0,7,6,3,6,1,3,6,4,1,4,0
46,6,4,19,5,13,7,132,69,130,196,82,16,1,15,7,13,1,1,4,2,1,1,0,3,6,1,2,18,0
46,12,11,18,18,19,19,70,165,173,140,52,9,2,2,1,1,4,5,1,7,6,8,7,6,5,6,3,13,0
46,18,12,17,0,14,19,64,143,135,97,77,8,3,20,6,1,6,9,0,7,7,5,7,0,4,0,5,16,0
46,24,10,5,14,3,13,181,123,103,121,70,10,15,6,17,7,1,4,3,1,9,0,1,3,1,2,5,5,0
47,6,10,14,12,5,5,71,60,54,96,103,10,6,8,15,15,4,5,7,2,2,0,7,5,1,5,5,4,0
47,12,13,4,4,8,5,147,158,186,50,183,7,16,16,12,15,8,2,2,6,0,4,3,1,5,3,4,12,1
47,18,11,1,7,12,5,113,183,108,129,168,9,19,13,8,15,3,0,7,7,4,9,0,2,9,2,2,5,0
47,24,19,16,0,3,0,93,161,95,59,64,1,4,20,17,20,9,5,0,3,0,4,0,0,1,0,5,5,1
48,6,6,4,0,4,10,78,199,180,158,104,14,16,20,16,10,0,0,0,0,9,6,3,0,1,3,1,5,1
48,12,19,14,12,6,18,144,102,51,190,176,1,6,8,14,2,8,9,5,5,1,8,5,9,1,2,5,3,0
48,18,16,16,11,1,13,173,122,150,66,107,4,4,9,19,7,7,4,3,0,7,8,0,0,0,8,4,19,1
48,24,19,6,8,10,5,177,83,55,71,150,1,14,12,10,15,9,6,6,0,2,7,2,3,9,3,3,15,1
49,6,10,4,11,17,16,86,78,159,66,156,10,16,9,3,4,6,0,0,4,4,0,1,0,4,7,4,17,1
49,12,18,3,8,6,18,101,86,174,92,133,2,17,12,14,2,6,1,8,3,6,7,3,6,4,7,3,18,0
49,18,18,10,12,16,17,113,88,188,58,56,2,10,8,4,3,6,2,6,3,0,9,4,1,4,4,5,18,0
49,24,19,10,19,11,13,74,180,133,80,186,1,10,1,9,7,9,5,1,1,0,9,7,3,5,6,2,0,0
50,6,15,14,13,19,5,140,112,132,101,128,5,6,7,1,15,8,4,8,1,1,6,4,6,4,4,1,7,1
50,12,4,0,9,19,17,122,58,176,64,58,16,20,11,1,3,3,0,4,4,8,3,0,4,0,0,2,3,1
50,18,3,5,7,3,7,169,129,140,174,79,17,15,13,17,13,0,4,5,3,6,1,2,6,1,5,4,0,1
50,24,10,6,7,0,12,181,175,77,67,143,10,14,13,20,8,9,1,5,0,6,3,4,7,0,2,5,17,1
51,6,4,10,10,12,10,197,199,189,108,142,16,10,10,8,10,3,2,8,8,1,1,7,5,5,4,3,9,1
51,12,10,16,1,19,11,56,111,104,168,164,10,4,19,1,9,8,3,1,0,0,4,6,0,3,5,1,12,0
51,18,11,0,16,9,19,134,77,147,131,182,9,20,4,11,1,3,0,9,2,0,2,0,6,3,3,2,14,1
51,24,15,13,15,18,5,147,77,177,131,55,5,7,5,2,15,3,3,1,4,1,9,7,3,1,3,2,9,1
52,6,13,2,5,13,17,115,53,81,181,176,7,18,15,7,3,4,0,4,4,4,3,1,4,9,4,1,1,1
52,12,9,2,10,6,11,166,66,149,125,141,11,18,10,14,9,5,1,7,0,8,8,0,5,4,1,4,6,1
52,18,10,14,12,6,4,133,78,92,182,199,10,6,8,14,16,4,6,5,0,2,2,3,9,3,3,1,12,0
52,24,8,14,2,12,19,78,124,161,159,72,12,6,18,8,1,5,7,1,8,5,4,6,0,3,6,4,14,1
53,6,0,19,5,1,7,167,52,180,181,72,20,1,15,19,13,0,1,1,0,1,0,0,4,1,3,1,1,1
53,12,0,19,12,1,14,105,139,77,102,163,20,1,8,19,6,0,1,6,0,3,0,1,3,1,4,5,10,0
53,18,8,7,14,1,4,100,155,173,116,117,12,13,6,19,16,2,0,8,1,1,1,2,6,0,2,3,9,0
53,24,0,4,6,8,4,107,102,103,192,162,20,16,14,12,16,0,2,5,5,2,0,4,1,3,1,3,0,1
54,6,12,16,14,10,3,87,134,186,116,180,8,4,6,10,17,5,4,3,8,2,8,5,0,0,1,5,18,0
54,12,3,18,19,3,13,190,134,171,78,160,17,2,1,17,7,0,2,4,2,5,1,0,2,0,6,1,4,0
54,18,1,19,5,16,12,160,96,124,68,79,19,1,15,4,8,1,7,0,7,5,1,3,0,9,8,4,12,1
54,24,6,6,7,8,4,56,175,94,62,126,14,14,13,12,16,0,3,6,4,0,2,0,6,0,1,3,14,1
55,6,14,11,12,15,15,112,96,98,87,180,6,9,8,5,5,2,9,9,5,7,3,0,5,3,7,1,8,1
55,12,11,12,8,12,0,174,74,121,55,171,9,8,12,8,20,3,8,4,1,0,8,7,0,5,0,2,16,0
55,18,18,16,19,8,9,76,151,90,111,118,2,4,1,12,11,4,1,0,2,1,5,4,7,1,0,1,5,1
55,24,3,6,14,7,19,151,120,102,176,101,17,14,6,13,1,1,1,0,7,5,3,0,5,0,6,3,12,1
56,6,5,7,11,11,11,145,139,142,54,186,15,13,9,9,9,0,0,9,3,1,2,2,5,5,8,4,2,0
56,12,11,7,3,12,2,55,135,126,173,108,9,13,17,8,18,4,3,2,1,2,3,7,3,2,2,2,13,1
56,18,17,5,10,7,9,192,161,159,142,98,3,15,10,13,11,2,5,1,7,0,3,5,1,2,9,5,4,0
56,24,17,18,10,10,12,61,175,55,64,167,3,2,10,10,8,9,1,7,9,8,2,9,9,7,7,5,12,0
57,6,18,0,19,11,3,179,58,163,108,192,2,20,1,9,17,5,0,5,7,0,7,0,7,8,3,3,2,1
57,12,8,18,14,0,5,132,88,143,162,57,12,2,6,20,15,6,8,4,0,2,3,8,5,0,1,4,4,0
57,18,11,0,17,13,12,106,138,182,165,75,9,20,3,7,8,9,0,5,9,9,5,0,2,4,8,2,2,1
57,24,19,3,17,8,6,131,106,137,77,129,1,17,3,12,14,0,2,2,6,1,0,2,0,0,2,3,7,0
58,6,1,1,8,6,10,71,91,198,140,110,19,19,12,14,10,1,0,0,5,2,0,0,6,6,0,5,10,0
58,12,11,7,19,10,2,192,76,64,196,66,9,13,1,10,18,9,7,0,3,1,7,5,2,7,1,4,19,1
58,18,7,11,0,16,15,66,167,181,198,119,13,9,20,4,5,6,8,0,1,9,6,4,0,2,4,3,18,1
58,24,13,16,13,3,19,68,188,51,76,90,7,4,7,17,1,2,4,9,0,6,0,4,1,1,9,2,11,0
59,6,17,8,9,12,16,140,162,146,66,125,3,12,11,8,4,4,1,4,0,6,4,0,6,2,4,1,0,1
59,12,5,6,8,16,9,69,67,61,173,128,15,14,12,4,11,2,4,8,5,0,0,5,4,7,6,5,11,0
59,18,0,16,18,10,5,171,186,185,68,192,20,4,2,10,15,0,0,7,8,5,0,4,5,7,2,5,19,1
59,24,17,9,18,12,8,164,84,148,83,156,3,11,2,8,12,5,4,9,1,4,5,5,3,7,6,1,13,0
60,6,3,4,14,13,14,62,71,166,177,60,17,16,6,7,6,2,2,5,5,3,2,1,6,1,8,4,10,0
60,12,2,5,19,8,9,108,129,63,57,180,18,15,1,12,11,2,5,1,6,1,2,3,9,8,5,4,18,0
60,18,3,15,4,9,16,58,150,112,109,151,17,5,16,11,4,0,0,1,7,8,2,8,1,2,7,4,11,1
60,24,13,2,7,15,19,53,138,101,82,121,7,18,13,5,1,9,2,2,3,5,4,2,7,8,1,3,19,1
61,6,2,4,4,10,6,90,187,172,171,71,18,16,16,10,14,2,3,1,6,2,0,1,4,7,5,1,0,1
61,12,2,16,0,19,8,134,147,135,114,66,18,4,20,1,12,2,1,0,3,8,1,3,0,1,6,4,9,1
61,18,2,0,0,6,8,105,128,146,137,74,18,20,20,14,12,2,0,0,5,7,0,0,0,0,2,1,14,1
61,24,11,9,6,9,15,53,81,84,171,138,9,11,14,11,5,4,6,4,8,6,4,5,6,4,6,2,17,1
62,6,19,17,3,8,7,64,193,95,134,171,1,3,17,12,13,0,7,0,1,4,1,4,2,4,4,2,3,1
62,12,11,9,11,11,7,80,191,157,65,118,9,11,9,9,13,4,8,4,3,2,0,4,8,4,2,2,10,1
62,18,3,13,6,17,15,134,108,160,191,110,17,7,14,3,5,1,0,6,3,6,2,2,5,2,1,3,12,0
62,24,15,8,4,6,2,142,166,106,146,112,5,12,16,14,18,3,5,3,2,0,7,3,1,4,0,3,9,0
63,6,12,10,18,4,12,180,122,92,157,186,8,10,2,16,8,3,2,2,0,6,2,8,6,3,7,2,19,1
63,12,2,9,3,3,3,169,190,87,190,72,18,11,17,17,17,2,3,3,1,1,1,1,0,2,3,2,10,1
63,18,17,2,1,5,18,149,95,99,84,167,3,18,19,15,2,8,1,0,0,7,1,0,0,2,6,5,5,0
63,24,17,0,13,4,11,170,125,61,108,118,3,20,7,16,9,7,0,2,1,8,4,0,8,0,6,3,4,1
64,6,4,1,8,11,19,175,167,76,189,68,16,19,12,9,1,0,1,4,3,0,4,0,8,1,8,1,10,1
64,12,9,5,4,17,16,141,177,75,53,85,11,15,16,3,4,6,0,2,8,5,1,2,1,4,2,3,14,0
64,18,16,3,17,7,12,55,64,148,79,134,4,17,3,13,8,0,0,5,2,1,9,0,9,6,4,5,14,0
64,24,15,11,1,1,1,143,107,175,169,110,5,9,19,19,19,4,3,0,1,1,5,1,1,1,1,1,3,0
65,6,3,13,6,7,7,116,76,135,161,131,17,7,14,13,13,2,5,0,2,6,2,9,6,3,6,4,4,1
65,12,5,16,8,13,10,86,75,56,65,161,15,4,12,7,10,0,1,0,5,0,3,6,6,8,6,3,18,1
65,18,3,11,7,1,0,172,150,61,69,109,17,9,13,19,20,2,8,1,1,0,3,9,4,0,0,1,14,1
65,24,3,5,3,12,10,158,68,147,138,126,17,15,17,8,10,3,5,1,3,7,2,3,3,5,3,5,10,0
66,6,7,17,0,12,12,88,104,89,103,126,13,3,20,8,8,3,8,0,6,4,6,2,0,6,3,3,11,0
66,12,19,18,17,3,17,92,186,118,79,100,1,2,3,17,3,6,4,0,0,1,8,8,1,0,7,4,13,0
66,18,7,15,1,1,17,135,145,168,52,81,13,5,19,19,3,5,8,0,0,2,0,1,1,0,9,4,13,0
66,24,13,4,19,13,11,82,113,51,173,121,7,16,1,7,9,7,4,9,8,8,2,3,3,1,3,3,11,0
67,6,3,19,4,11,2,60,97,143,53,198,17,1,16,9,18,0,2,2,2,0,1,8,1,3,1,4,3,1
67,12,2,6,4,2,7,78,129,103,191,168,18,14,16,18,13,0,3,2,1,1,1,2,4,1,1,4,12,1
67,18,12,7,16,11,17,70,79,56,166,63,8,13,4,9,3,2,6,2,0,7,2,6,0,9,2,4,4,0
67,24,4,19,10,18,12,123,93,150,135,159,16,1,10,2,8,3,6,4,9,0,2,8,5,1,6,2,4,0
68,6,8,14,4,1,3,151,101,171,84,115,12,6,16,19,17,8,3,4,1,3,2,1,3,0,3,2,0,0
68,12,3,0,10,7,16,114,96,120,106,73,17,20,10,13,4,2,0,2,7,4,1,0,3,6,0,1,6,0
68,18,2,8,19,16,6,154,194,94,117,122,18,12,1,4,14,0,5,9,4,0,0,6,8,9,6,1,19,1
68,24,7,16,1,5,0,118,180,56,70,120,13,4,19,15,20,3,8,1,4,0,5,6,1,5,0,2,9,0
69,6,5,8,12,1,17,112,185,104,93,97,15,12,8,19,3,3,4,9,1,7,2,0,4,1,8,5,11,0
69,12,16,5,11,15,4,124,57,164,121,86,4,15,9,5,16,2,0,7,4,1,5,1,1,2,1,5,6,1
69,18,19,19,17,6,10,141,129,192,63,142,1,1,3,14,10,1,9,2,6,7,5,5,3,1,6,1,6,0
69,24,8,2,8,9,16,108,199,153,144,157,12,18,12,11,4,5,1,1,0,6,5,2,5,3,5,2,12,0
70,6,4,12,3,18,12,162,85,119,124,79,16,8,17,2,8,4,1,3,2,3,4,9,2,5,1,1,0,0
70,12,15,15,3,8,0,156,125,90,101,104,5,5,17,12,20,2,1,1,3,0,2,2,1,8,0,4,11,1
70,18,10,8,4,14,7,122,114,189,57,197,10,12,16,6,13,2,4,4,5,2,2,7,4,9,5,1,1,1
70,24,3,3,3,17,3,90,149,185,50,167,17,17,17,3,17,0,1,3,1,1,3,0,1,1,2,2,7,0
71,6,17,12,13,10,1,155,97,82,64,91,3,8,7,10,19,3,3,8,1,1,4,0,0,5,1,3,6,1
71,12,18,18,6,5,15,163,167,58,110,103,2,2,14,15,5,5,2,5,1,4,4,1,2,1,1,3,8,0
71,18,1,2,4,13,7,198,138,194,134,70,19,18,16,7,13,0,0,4,0,3,0,0,3,0,4,1,3,1
71,24,15,12,19,9,4,115,114,128,105,137,5,8,1,11,16,6,0,3,9,2,0,6,3,7,4,5,16,1
72,6,4,1,4,8,9,150,124,160,168,92,16,19,16,12,11,3,1,0,1,4,1,0,3,8,6,2,14,0
72,12,3,13,2,14,4,131,154,166,130,191,17,7,18,6,16,1,3,2,4,4,0,4,0,0,2,2,14,1
72,18,6,8,6,6,11,193,96,110,135,114,14,12,14,14,9,5,8,0,5,4,4,3,0,1,4,2,12,1
72,24,18,17,17,0,17,100,73,98,199,124,2,3,3,20,3,6,3,6,0,7,9,4,9,0,5,5,19,1
73,6,17,0,0,8,11,82,160,61,192,163,3,20,20,12,9,8,0,0,7,7,2,0,0,7,1,2,9,1
73,12,17,13,8,16,6,156,138,171,86,118,3,7,12,4,14,5,8,3,5,2,5,4,5,5,4,5,15,1
73,18,15,7,17,2,15,75,59,155,194,180,5,13,3,18,5,8,3,7,1,8,2,6,8,1,6,5,17,0
73,24,14,19,14,17,13,75,143,164,119,193,6,1,6,3,7,7,5,0,0,8,2,6,9,1,5,1,10,0
74,6,17,3,8,9,5,161,75,93,93,97,3,17,12,11,15,4,0,1,4,2,2,0,4,0,0,2,5,1
74,12,8,18,4,17,9,197,103,126,141,152,12,2,16,3,11,6,0,3,3,4,1,6,4,0,9,2,1,0
74,18,1,17,18,8,2,68,146,137,89,181,19,3,2,12,18,1,7,3,4,2,0,4,2,7,1,3,7,1
74,24,4,9,13,6,19,61,53,108,115,162,16,11,7,14,1,1,6,3,6,1,1,9,1,6,0,4,0,1
75,6,11,14,4,1,3,101,176,56,197,192,9,6,16,19,17,0,4,2,1,0,2,8,0,1,3,4,14,0
75,12,18,11,10,7,10,159,153,130,69,173,2,9,10,13,10,7,8,7,6,2,0,5,1,2,3,5,16,1
75,18,3,0,19,0,1,182,112,56,160,120,17,20,1,20,19,2,0,3,0,1,0,0,6,0,1,4,11,1
75,24,6,8,19,16,16,146,60,157,177,189,14,12,1,4,4,4,6,7,8,5,4,2,6,9,8,5,16,0
76,6,2,19,13,9,18,118,50,90,150,66,18,1,7,11,2,1,0,2,9,1,1,0,7,6,3,4,18,1
76,12,2,7,1,11,16,78,64,198,106,53,18,13,19,9,4,2,3,0,9,8,0,4,1,7,1,2,6,0
76,18,14,16,19,15,9,65,167,118,63,96,6,4,1,5,11,4,3,4,8,9,0,1,4,2,5,2,3,1
76,24,3,0,11,1,1,97,108,135,161,119,17,20,9,19,19,1,0,6,0,0,3,0,2,1,1,4,18,0
77,6,5,0,18,5,0,96,128,77,164,155,15,20,2,15,20,0,0,8,3,0,2,0,3,0,0,4,11,0
77,12,4,8,15,2,2,175,181,140,180,185,16,12,5,18,18,2,1,7,0,2,0,6,5,1,0,5,11,1
77,18,0,16,0,16,12,175,89,166,188,60,20,4,20,4,8,0,2,0,9,9,0,1,0,1,8,3,5,1
77,24,2,15,17,6,11,52,80,84,195,66,18,5,3,14,9,1,9,5,0,8,2,0,7,5,4,1,10,1
78,6,9,11,8,13,16,94,67,87,55,60,11,9,12,7,4,1,6,3,1,2,6,8,8,6,2,3,17,1
78,12,19,8,2,11,13,129,151,167,140,59,1,12,18,9,7,7,6,0,5,2,0,1,0,5,8,5,5,0
78,18,13,17,7,7,5,102,88,120,160,90,7,3,13,13,15,0,4,2,1,2,8,4,1,7,1,2,14,0
78,24,13,2,15,2,3,115,135,126,170,160,7,18,5,18,17,0,2,6,2,2,5,0,5,0,1,3,3,1
79,6,3,10,4,8,19,72,92,107,196,171,17,10,16,12,1,3,9,3,7,5,2,6,2,4,8,1,11,0
79,12,11,7,9,10,0,185,96,81,168,93,9,13,11,10,20,8,0,3,1,0,0,4,0,6,0,5,15,0
79,18,11,0,15,9,9,134,92,79,84,82,9,20,5,11,11,0,0,4,8,2,0,0,7,5,9,2,4,0
79,24,14,19,3,1,18,100,188,157,110,117,6,1,17,19,2,0,5,1,0,3,5,4,3,1,7,5,5,0
80,6,2,6,9,2,11,194,64,56,99,154,18,14,11,18,9,0,3,4,2,4,2,3,6,1,5,1,5,0
80,12,18,5,1,9,13,58,165,128,190,77,2,15,19,11,7,6,5,0,5,6,0,1,0,2,8,5,18,0
80,18,16,13,1,7,3,186,144,177,98,103,4,7,19,13,17,9,7,1,4,0,1,4,0,5,2,3,12,0
80,24,17,3,19,5,14,155,145,111,167,141,3,17,1,15,6,0,0,9,4,2,4,1,1,1,1,1,16,1
81,6,7,13,7,2,15,79,193,91,173,73,13,7,13,18,5,2,8,6,0,4,6,5,3,0,0,1,10,1
81,12,17,5,11,13,0,183,100,88,98,118,3,15,9,7,20,6,0,9,6,0,0,0,4,7,0,2,1,1
81,18,13,8,19,1,3,99,78,56,130,144,7,12,1,19,17,1,3,1,0,1,4,1,3,0,0,1,2,1
81,24,16,15,1,12,2,90,87,199,105,109,4,5,19,8,18,4,3,0,2,0,4,6,0,3,2,5,1,0
82,6,0,16,8,14,2,139,167,105,195,89,20,4,12,6,18,0,0,0,5,1,0,5,5,8,2,5,3,1
82,12,5,9,4,10,19,171,110,126,144,152,15,11,16,10,1,1,3,0,3,5,4,5,3,6,2,1,3,1
82,18,11,15,0,13,7,196,156,188,139,151,9,5,20,7,13,6,8,0,1,0,2,8,0,2,7,2,16,0
82,24,16,1,6,10,10,185,124,106,125,100,4,19,14,10,10,0,0,1,3,8,2,1,6,6,4,2,18,1
83,6,5,15,9,15,15,130,130,54,76,142,15,5,11,5,5,5,3,8,4,6,4,3,3,3,8,4,3,1
83,12,16,5,4,2,10,128,86,100,119,82,4,15,16,18,10,3,3,0,2,6,4,5,3,2,1,3,16,0
83,18,8,6,6,10,3,50,150,125,97,168,12,14,14,10,17,5,5,5,8,1,6,0,1,4,0,1,0,1
83,24,11,10,12,11,5,66,164,110,128,76,9,10,8,9,15,0,4,8,7,2,8,6,3,9,0,5,17,1
84,6,2,5,15,13,17,187,143,114,102,122,18,15,5,7,3,0,5,0,7,4,1,2,1,1,8,5,6,1
84,12,10,7,4,9,6,100,194,138,169,194,10,13,16,11,14,7,1,1,2,0,2,1,3,2,1,3,14,0
84,18,16,10,15,7,1,171,197,121,121,184,4,10,5,13,19,9,6,3,2,0,6,7,1,4,0,2,12,0
84,24,9,16,5,9,13,128,181,93,160,129,11,4,15,11,7,0,5,2,1,2,1,7,5,4,0,5,18,0
85,6,17,17,1,18,3,148,74,83,147,175,3,3,19,2,17,6,2,1,4,1,6,8,0,9,1,2,3,1
85,12,19,6,14,18,6,110,50,99,133,187,1,14,6,2,14,1,3,0,3,2,4,4,6,4,3,3,12,0
85,18,7,19,15,5,7,128,140,85,54,172,13,1,5,15,13,5,8,9,4,1,2,9,9,1,0,4,11,0
85,24,14,15,2,17,13,139,95,58,144,82,6,5,18,3,7,6,7,0,9,7,6,3,2,2,3,5,17,0
86,6,9,17,5,19,2,60,182,76,132,134,11,3,15,1,18,9,2,0,4,1,0,0,1,4,0,5,1,0
86,12,15,6,4,5,16,158,145,116,124,112,5,14,16,15,4,7,4,1,2,2,8,6,3,0,0,2,10,0
86,18,5,15,7,16,19,118,143,55,161,166,15,5,13,4,1,3,7,1,5,4,3,3,1,0,7,5,12,0
86,24,18,9,15,13,14,156,153,161,122,172,2,11,5,7,6,6,7,7,9,8,8,7,1,8,9,2,3,0
87,6,16,6,18,13,1,165,110,57,165,58,4,14,2,7,19,6,1,2,5,1,5,6,1,0,1,3,11,0
87,12,5,10,13,8,0,138,125,160,120,105,15,10,7,12,20,1,6,6,1,0,3,3,5,8,0,1,15,1
87,18,5,12,1,1,12,173,170,65,55,106,15,8,19,19,8,0,4,0,1,1,4,4,0,0,6,5,16,0
87,24,15,6,9,6,6,139,132,71,148,163,5,14,11,14,14,6,0,4,3,3,1,2,9,6,4,4,1,1
88,6,11,12,4,16,14,139,90,52,73,61,9,8,16,4,6,9,2,4,7,3,5,3,1,2,7,1,4,1
88,12,8,0,5,2,0,120,55,159,180,197,12,20,15,18,20,5,0,5,1,0,6,0,4,0,0,4,14,1
88,18,12,1,9,2,9,147,155,59,55,95,8,19,11,18,11,4,0,2,2,0,8,0,4,2,7,3,3,0
88,24,0,0,3,9,17,122,91,172,108,147,20,20,17,11,3,0,0,0,0,5,0,0,0,6,6,5,9,0
89,6,2,9,15,17,12,139,175,182,69,159,18,11,5,3,8,1,4,9,0,4,2,9,4,3,2,4,11,0
89,12,17,14,14,15,13,191,97,89,108,162,3,6,6,5,7,9,7,6,3,9,4,6,6,8,6,5,2,0
89,18,16,7,1,10,19,190,167,119,125,120,4,13,19,10,1,4,4,0,1,1,4,0,1,9,6,4,16,0
89,24,18,0,14,0,8,168,134,151,173,127,2,20,6,20,12,6,0,4,0,1,9,0,9,0,2,1,18,1
90,6,4,16,16,7,15,149,116,104,185,66,16,4,4,13,5,1,0,0,4,3,2,7,0,2,3,1,1,1
90,12,9,3,5,16,1,68,136,125,170,179,11,17,15,4,19,2,0,3,6,1,1,0,0,5,0,2,9,1
90,18,3,19,7,4,4,73,114,59,159,105,17,1,13,16,16,0,6,2,2,0,2,2,5,3,0,5,12,1
90,24,13,18,7,13,8,91,117,177,144,140,7,2,13,7,12,4,9,2,8,2,8,6,5,1,1,4,0,1
91,6,16,11,9,13,2,160,69,65,147,143,4,9,11,7,18,3,3,3,7,0,1,9,4,1,2,2,0,0
91,12,6,18,13,4,14,126,115,73,117,75,14,2,7,16,6,3,0,8,2,7,0,5,3,1,7,5,8,1
91,18,13,14,9,16,1,137,123,168,139,172,7,6,11,4,19,1,6,9,3,1,7,4,2,7,1,5,3,0
91,24,1,17,14,9,0,131,177,88,59,72,19,3,6,11,20,0,2,5,2,0,0,8,8,6,0,1,7,0
92,6,4,10,17,6,11,55,196,187,104,94,16,10,3,14,9,0,4,9,4,2,3,7,1,1,2,2,4,1
92,12,9,2,1,6,7,73,76,152,186,93,11,18,19,14,13,9,0,0,5,3,1,0,0,6,3,4,17,1
92,18,4,16,1,17,17,154,84,174,169,188,16,4,19,3,3,2,6,0,8,4,4,1,1,0,5,1,1,0
92,24,1,15,1,14,19,57,96,58,105,120,19,5,19,6,1,0,9,0,2,6,0,0,0,1,6,5,12,1
93,6,14,1,8,0,14,154,151,116,192,114,6,19,12,20,6,4,1,0,0,1,6,0,1,0,6,1,14,1
93,12,7,18,0,12,16,84,121,119,81,110,13,2,20,8,4,2,9,0,0,0,5,7,0,6,9,4,17,1
93,18,19,12,5,3,17,185,59,148,162,198,1,8,15,17,3,4,0,4,3,5,5,8,1,2,1,5,13,0
93,24,16,6,4,4,18,87,119,50,183,160,4,14,16,16,2,4,3,0,2,6,2,1,1,4,7,5,9,0
94,6,5,2,2,12,9,156,66,160,50,132,15,18,18,8,11,2,2,2,2,3,2,2,0,5,9,3,7,1
94,12,8,0,16,1,19,107,199,96,168,85,12,20,4,19,1,1,0,3,1,2,8,0,8,0,1,2,1,0
94,18,9,17,3,8,4,110,145,91,114,57,11,3,17,12,16,1,8,2,1,4,3,5,3,2,4,4,9,1
94,24,16,7,7,13,13,73,146,85,144,126,4,13,13,7,7,5,5,7,1,9,3,2,6,8,1,5,12,1
95,6,2,7,13,7,9,119,75,171,116,155,18,13,7,13,11,1,1,0,0,2,1,5,8,1,0,2,11,0
95,12,3,6,17,0,10,50,56,148,172,106,17,14,3,20,10,0,2,0,0,6,2,3,2,0,8,1,13,1
95,18,17,10,3,13,14,65,97,57,93,136,3,10,17,7,6,7,7,3,7,6,5,1,2,1,4,5,7,1
95,24,19,17,18,4,5,114,176,92,60,61,1,3,2,16,15,4,3,7,0,2,3,1,1,0,5,2,4,0
96,6,14,7,5,19,3,90,116,93,198,126,6,13,15,1,17,6,1,1,7,0,2,3,4,8,2,5,14,0
96,12,15,15,5,1,5,154,196,92,94,127,5,5,15,19,15,5,8,2,1,1,5,6,0,0,5,5,0,1
96,18,16,18,15,13,2,108,165,158,101,68,4,2,5,7,18,8,3,5,8,0,0,0,1,2,0,3,19,0
96,24,16,6,8,2,16,164,59,106,177,183,4,14,12,18,4,9,1,6,1,7,9,4,4,2,2,2,13,0
97,6,10,13,17,10,19,97,150,84,187,190,10,7,3,10,1,1,5,1,3,1,1,7,0,5,9,1,18,0
97,12,4,3,17,7,14,163,125,131,91,171,16,17,3,13,6,4,0,2,0,1,4,1,3,1,1,1,9,1
97,18,3,14,6,15,6,138,170,169,71,174,17,6,14,5,14,0,6,6,1,1,0,0,6,7,6,3,5,0
97,24,6,10,19,0,11,150,148,72,127,65,14,10,1,20,9,3,5,6,0,8,4,1,5,0,2,3,10,0
98,6,7,14,0,8,6,91,61,74,156,104,13,6,20,12,14,2,3,0,4,4,4,9,0,6,1,5,12,1
98,12,2,3,0,13,6,161,190,111,83,143,18,17,20,7,14,2,1,0,3,1,0,1,0,1,3,3,5,0
98,18,8,19,5,1,12,126,145,95,191,165,12,1,15,19,8,6,6,0,0,1,5,9,4,0,4,1,3,1
98,24,7,19,10,4,5,197,56,147,158,123,13,1,10,16,15,2,4,5,0,3,4,4,7,4,1,3,13,0
99,6,1,2,2,12,1,134,168,143,97,75,19,18,18,8,19,1,0,0,2,1,0,1,2,2,0,4,19,0
99,12,12,3,4,5,16,60,137,91,75,112,8,17,16,15,4,8,3,3,1,2,8,3,4,5,0,3,19,0
99,18,7,10,10,7,3,123,126,111,62,164,13,10,10,13,17,7,0,3,6,3,0,4,5,2,1,4,1,1
99,24,17,8,18,12,14,178,168,185,158,63,3,12,2,8,6,2,5,1,5,4,1,3,8,8,0,5,1,1
100,6,8,16,2,7,6,95,169,107,97,53,12,4,18,13,14,1,8,1,4,3,6,2,1,4,6,4,15,1
100,12,15,5,13,18,14,62,144,173,154,161,5,15,7,2,6,8,2,1,7,7,7,2,4,2,5,4,9,0
100,18,6,19,0,15,2,112,96,189,73,147,14,1,20,5,18,4,1,0,2,1,4,0,0,8,1,2,14,1
100,24,7,17,8,18,17,128,121,144,139,80,13,3,12,2,3,6,2,4,1,8,1,3,5,0,0,4,16,0
101,6,10,5,12,17,9,161,184,132,152,182,10,15,8,3,11,2,4,4,0,3,4,1,4,3,2,1,18,0
101,12,12,6,17,17,12,187,95,152,142,117,8,14,3,3,8,8,3,0,9,1,6,3,8,7,9,2,9,1
101,18,1,15,3,7,10,113,135,182,86,143,19,5,17,13,10,0,8,2,3,3,0,9,2,3,5,5,19,0
101,24,19,14,18,1,3,192,87,63,133,66,1,6,2,19,17,7,0,5,0,2,4,3,2,0,0,3,0,0
102,6,9,13,0,7,18,141,101,165,125,160,11,7,20,13,2,7,8,0,2,9,4,2,0,3,5,3,0,1
102,12,13,7,1,2,18,180,116,178,165,126,7,13,19,18,2,7,6,1,1,5,8,6,0,2,7,5,6,1
102,18,11,0,18,10,16,55,142,124,93,175,9,20,2,10,4,7,0,1,9,1,1,0,9,5,1,2,12,1
102,24,8,12,17,3,0,149,105,62,54,85,12,8,3,17,20,1,7,7,0,0,0,3,1,3,0,5,18,0
103,6,5,13,15,19,14,132,162,146,172,68,15,7,5,1,6,5,2,3,2,6,4,4,2,8,7,3,10,0
103,12,17,10,15,12,1,154,108,196,74,77,3,10,5,8,19,4,7,6,5,0,2,9,8,7,0,1,17,1
103,18,10,18,2,10,13,64,173,77,179,72,10,2,18,10,7,9,2,2,4,2,4,8,2,5,9,4,16,0
103,24,17,10,8,14,0,65,179,124,109,192,3,10,12,6,20,3,2,1,0,0,3,9,3,0,0,2,6,0
104,6,1,0,16,7,15,190,148,63,164,138,19,20,4,13,5,0,0,1,4,6,1,0,1,1,7,3,14,0
104,12,9,17,3,6,7,161,190,178,181,74,11,3,17,14,13,1,8,3,3,4,6,4,1,6,3,5,19,0
104,18,14,4,8,2,7,180,113,62,157,70,6,16,12,18,13,8,4,6,0,5,3,0,3,1,6,5,1,0
104,24,0,4,1,7,3,199,56,197,106,121,20,16,19,13,17,0,3,1,7,0,0,4,1,6,2,1,10,0
105,6,17,0,18,1,11,130,52,129,63,127,3,20,2,19,9,5,0,0,0,6,8,0,7,1,2,5,8,1
105,12,9,1,19,12,14,127,85,65,115,177,11,19,1,8,6,9,1,1,8,7,6,0,4,9,7,1,2,0
105,18,1,15,19,0,9,117,164,130,169,66,19,5,1,20,11,0,0,4,0,2,0,4,3,0,5,3,18,1
105,24,19,17,6,14,15,75,109,86,92,197,1,3,14,6,5,7,2,0,5,2,8,8,3,4,2,5,13,1
106,6,14,6,5,2,7,111,185,149,61,74,6,14,15,18,13,6,3,2,2,6,5,4,2,1,1,4,5,0
106,12,14,6,5,6,6,164,174,193,101,169,6,14,15,14,14,7,4,0,5,4,9,6,4,1,2,3,5,1
106,18,9,13,3,2,18,139,137,86,122,175,11,7,17,18,2,9,0,3,0,2,5,8,2,0,8,4,16,0
106,24,5,5,9,18,17,115,116,95,56,100,15,15,11,2,3,1,1,0,2,2,3,3,2,9,6,4,6,0
107,6,16,4,16,2,11,122,178,128,159,58,4,16,4,18,9,1,0,4,2,8,5,3,5,2,4,5,14,1
107,12,11,19,10,1,15,112,54,95,73,154,9,1,10,19,5,7,4,8,1,1,5,6,9,0,8,1,0,0
107,18,11,17,15,10,18,119,176,112,56,62,9,3,5,10,2,7,1,4,5,7,5,0,2,1,5,3,5,0
107,24,4,2,5,4,1,58,112,112,101,97,16,18,15,16,19,0,0,3,1,1,1,0,4,0,0,5,11,1
108,6,14,5,18,14,3,149,188,50,135,116,6,15,2,6,17,9,0,8,1,1,7,1,5,2,2,3,16,0
108,12,4,1,5,19,3,72,132,137,69,167,16,19,15,1,17,2,0,3,5,0,1,0,1,9,2,5,9,0
108,18,16,0,13,13,16,70,149,79,187,166,4,20,7,7,4,0,0,4,3,1,0,0,3,4,2,4,0,0
108,24,6,19,4,9,13,98,188,92,72,61,14,1,16,11,7,3,4,4,6,4,6,4,2,0,2,5,18,0
109,6,14,4,8,5,3,97,64,85,124,151,6,16,12,15,17,0,4,4,5,1,4,4,1,2,1,3,18,1
109,12,13,6,3,2,9,193,64,74,67,126,7,14,17,18,11,4,1,3,0,4,0,0,1,0,3,2,19,1
109,18,4,7,8,14,8,118,174,80,103,78,16,13,12,6,12,0,7,0,7,2,2,6,1,6,4,2,4,0
109,24,8,10,16,9,11,178,185,66,74,135,12,10,4,11,9,6,1,4,0,7,6,4,3,6,7,2,19,1
110,6,2,6,15,18,2,101,170,128,143,173,18,14,5,2,18,0,6,4,1,2,0,3,3,2,1,4,15,0
110,12,1,15,19,3,0,50,91,108,126,91,19,5,1,17,20,1,1,3,0,0,1,5,4,2,0,4,14,0
110,18,5,2,13,2,10,183,56,132,99,66,15,18,7,18,10,3,1,0,0,8,0,0,2,2,9,2,12,0
110,24,17,0,10,16,0,124,126,88,187,177,3,20,10,4,20,8,0,7,2,0,1,0,2,4,0,3,17,1
111,6,18,19,9,13,3,114,100,75,132,98,2,1,11,7,17,6,0,0,7,2,8,4,6,0,2,2,9,1
111,12,6,7,9,13,4,110,112,152,60,171,14,13,11,7,16,4,1,5,4,3,2,6,5,9,2,1,17,1
111,18,8,16,6,12,5,110,182,137,172,61,12,4,14,8,15,1,7,3,1,5,1,7,0,2,0,5,9,1
111,24,16,0,2,0,19,152,141,133,156,116,4,20,18,20,1,5,0,0,0,2,6,0,2,0,0,4,3,1
112,6,9,2,17,4,5,89,52,165,156,79,11,18,3,16,15,3,0,1,0,3,9,0,5,1,1,5,13,1
112,12,1,7,16,9,8,114,119,104,127,134,19,13,4,11,12,0,1,7,9,7,1,7,8,0,6,3,8,1
112,18,9,9,11,7,14,158,79,110,178,95,11,11,9,13,6,0,3,5,5,2,3,7,2,6,5,3,7,0
112,24,18,10,11,16,0,111,78,124,130,92,2,10,9,4,20,3,9,9,2,0,7,4,0,4,0,1,9,0
113,6,0,7,6,0,4,71,118,189,164,161,20,13,14,20,16,0,4,1,0,3,0,1,5,0,2,4,15,0
113,12,7,2,16,15,14,90,162,130,58,54,13,18,4,5,6,4,1,8,3,3,4,2,3,6,0,1,13,0
113,18,10,0,8,16,0,197,83,169,121,140,10,20,12,4,20,6,0,1,2,0,9,0,7,7,0,4,2,1
113,24,6,6,6,7,10,103,140,152,145,75,14,14,14,13,10,1,1,3,7,3,6,2,5,2,0,2,10,1
114,6,19,8,7,16,11,105,181,165,110,169,1,12,13,4,9,1,0,5,1,2,6,8,0,2,5,3,7,1
114,12,2,12,7,6,19,147,93,155,184,129,18,8,13,14,1,1,2,6,4,7,1,1,4,2,4,2,9,1
114,18,10,11,8,2,14,90,170,52,79,119,10,9,12,18,6,5,2,7,2,3,3,2,0,0,7,1,3,1
114,24,13,8,0,16,5,76,170,51,188,71,7,12,20,4,15,2,8,0,3,0,6,4,0,3,5,2,3,1
115,6,16,0,19,9,16,107,190,136,69,52,4,20,1,11,4,2,0,6,6,3,6,0,5,7,6,4,19,0
115,12,0,11,18,2,7,175,192,160,171,192,20,9,2,18,13,0,8,7,2,3,0,2,8,1,3,5,13,1
115,18,4,6,11,6,19,72,108,53,69,111,16,14,9,14,1,2,0,3,5,1,2,6,5,3,9,5,8,0
115,24,2,13,3,18,5,107,62,164,166,125,18,7,17,2,15,2,4,0,8,0,2,8,2,2,3,4,9,0
116,6,17,8,16,2,2,124,171,54,111,65,3,12,4,18,18,7,6,0,1,0,6,1,6,0,1,1,15,0
116,12,6,8,13,4,6,134,185,181,137,189,14,12,7,16,14,1,3,2,1,5,3,3,1,1,6,2,15,0
116,18,5,6,9,11,9,88,158,76,96,141,15,14,11,9,11,5,4,4,9,8,0,6,2,3,1,3,12,1
116,24,13,11,0,15,7,85,166,117,122,162,7,9,20,5,13,1,8,0,8,6,5,0,0,2,3,1,14,1
117,6,13,6,12,11,14,149,154,56,88,168,7,14,8,9,6,2,1,6,4,1,0,1,0,7,5,1,19,0
117,12,7,4,15,5,3,168,147,177,160,96,13,16,5,15,17,3,4,7,5,3,0,1,4,3,0,4,17,1
117,18,2,12,0,14,10,195,163,148,124,52,18,8,20,6,10,2,9,0,0,4,2,5,0,3,5,5,3,0
117,24,1,12,15,4,4,107,57,137,162,156,19,8,5,16,16,0,2,7,4,4,0,6,2,4,2,1,2,0
118,6,7,6,8,14,1,76,151,160,85,91,13,14,12,6,19,5,4,4,1,1,5,2,8,3,1,3,14,0
118,12,8,10,13,7,12,61,199,190,78,142,12,10,7,13,8,2,3,4,5,3,2,8,6,6,3,5,15,1
118,18,11,4,2,2,18,62,72,137,158,157,9,16,18,18,2,5,3,1,2,2,3,2,0,0,9,5,8,1
118,24,6,6,3,10,15,78,198,149,93,189,14,14,17,10,5,1,6,0,5,6,0,6,1,9,3,1,0,0
119,6,6,1,13,6,9,186,52,195,61,83,14,19,7,14,11,2,0,6,4,8,6,0,1,3,3,2,6,1
119,12,0,8,14,4,8,93,99,78,157,145,20,12,6,16,12,0,8,5,3,7,0,3,1,1,3,4,18,0
119,18,10,4,11,11,7,85,199,142,64,120,10,16,9,9,13,8,2,3,5,3,4,4,1,2,6,2,2,1
119,24,16,7,1,14,0,195,68,165,152,67,4,13,19,6,20,9,1,0,4,0,8,4,1,4,0,1,8,0
120,6,9,17,3,14,10,118,52,95,146,157,11,3,17,6,10,3,3,0,3,7,9,9,0,2,0,2,11,0
120,12,4,13,14,6,16,116,163,86,109,180,16,7,6,14,4,0,2,4,6,7,2,1,0,6,7,2,8,0
120,18,15,2,11,13,14,91,154,170,55,116,5,18,9,7,6,4,1,5,9,3,2,2,6,6,3,3,17,0
120,24,17,6,7,14,4,195,175,62,108,72,3,14,13,6,16,2,0,0,9,4,5,2,0,5,0,2,0,0
121,6,0,14,8,13,17,158,73,161,197,115,20,6,12,7,3,0,2,6,3,6,0,6,7,0,5,3,6,1
121,12,9,18,19,16,19,174,92,141,177,89,11,2,1,4,1,0,4,0,2,0,6,7,9,4,8,3,15,0
121,18,5,8,1,10,11,138,148,195,165,120,15,12,19,10,9,3,4,0,3,3,0,1,0,0,5,1,10,0
121,24,13,7,7,12,1,87,120,197,173,198,7,13,13,8,19,3,7,6,5,0,2,1,2,3,0,5,11,0
122,6,15,2,8,11,18,113,193,128,113,137,5,18,12,9,2,6,1,1,1,6,6,1,4,1,6,3,0,0
122,12,16,9,11,15,7,126,64,54,123,191,4,11,9,5,13,1,6,7,2,2,5,9,7,1,7,4,19,0
122,18,0,8,6,7,0,57,99,133,196,129,20,12,14,13,20,0,5,1,7,0,0,1,0,0,0,4,17,0
122,24,1,0,3,15,3,127,126,54,160,166,19,20,17,5,17,0,0,3,6,2,1,0,0,2,3,5,6,1
123,6,2,10,5,4,11,187,116,98,104,162,18,10,15,16,9,0,0,1,3,8,1,5,0,3,7,5,12,0
123,12,1,16,3,2,10,161,179,88,198,60,19,4,17,18,10,1,0,2,1,1,1,4,0,2,1,2,6,0
123,18,2,14,0,10,1,52,158,102,179,59,18,6,20,10,19,0,7,0,0,1,1,3,0,5,1,2,13,1
123,24,11,5,6,14,8,170,79,51,136,97,9,15,14,6,12,7,3,6,4,7,3,5,2,5,5,3,4,1
124,6,19,9,8,6,5,60,140,99,62,160,1,11,12,14,15,9,1,6,5,0,4,4,2,6,3,3,10,1
124,12,10,16,9,9,9,163,142,94,140,157,10,4,11,11,11,3,8,0,8,7,0,8,7,2,0,1,12,1
124,18,10,4,2,14,5,156,163,98,67,106,10,16,18,6,15,3,4,2,9,3,4,4,2,1,4,5,11,0
124,24,12,5,10,8,17,114,177,184,133,105,8,15,10,12,3,1,5,0,3,0,1,5,5,6,5,5,3,0
125,6,13,13,4,15,1,183,90,142,152,90,7,7,16,5,19,2,3,3,1,0,5,2,2,4,1,5,13,1
125,12,13,4,1,11,19,193,62,131,51,140,7,16,19,9,1,4,4,0,8,1,5,4,0,6,6,2,15,1
125,18,9,19,9,11,5,64,116,66,87,166,11,1,11,9,15,7,6,3,8,1,2,6,0,6,2,3,10,0
125,24,14,18,15,3,1,131,144,159,76,161,6,2,5,17,19,9,7,8,1,0,8,2,4,2,0,5,11,0
126,6,1,7,5,8,3,93,148,123,147,111,19,13,15,12,17,0,0,4,3,2,0,3,2,3,1,2,16,1
126,12,18,15,11,12,7,86,87,87,86,120,2,5,9,8,13,3,4,6,9,7,3,6,0,8,7,5,5,1
126,18,15,9,15,16,5,86,191,98,164,179,5,11,5,4,15,7,8,7,3,3,0,5,7,8,0,1,19,1
126,24,1,10,14,6,15,102,161,80,132,67,19,10,6,14,5,0,5,8,6,1,1,8,5,2,3,4,4,1
127,6,13,12,9,17,15,132,146,100,132,99,7,8,11,3,5,9,5,5,4,2,4,1,5,4,8,3,18,1
127,12,12,2,4,0,0,64,81,101,90,104,8,18,16,20,20,5,0,2,0,0,8,1,4,0,0,4,15,1
127,18,2,10,10,11,5,149,134,88,82,53,18,10,10,9,15,1,2,0,5,3,0,7,3,8,1,1,11,0
127,24,12,10,13,8,0,142,167,144,77,128,8,10,7,12,20,2,5,1,0,0,8,1,0,5,0,5,0,0
128,6,12,4,18,18,6,78,101,173,171,180,8,16,2,2,14,4,4,7,1,2,6,1,1,9,6,5,15,0
128,12,10,5,6,9,1,117,61,56,134,139,10,15,14,11,19,2,4,0,9,1,7,5,2,4,1,4,18,0
128,18,7,3,7,4,2,191,119,114,123,115,13,17,13,16,18,3,0,1,0,0,6,1,0,3,0,4,2,0
128,24,6,10,16,11,11,93,116,196,158,122,14,10,4,9,9,4,6,5,7,6,0,8,6,6,8,3,10,0
129,6,1,0,6,5,5,143,67,159,132,146,19,20,14,15,15,0,0,2,4,3,1,0,6,2,1,1,3,0
129,12,8,13,16,10,5,87,184,116,155,104,12,7,4,10,15,6,0,6,8,1,1,8,4,6,2,2,2,1
129,18,11,3,13,9,1,161,124,165,156,93,9,17,7,11,19,2,0,2,2,0,0,1,9,7,1,1,18,1
129,24,13,1,5,6,0,78,149,199,190,138,7,19,15,14,20,1,1,3,5,0,1,1,1,5,0,5,7,0
130,6,9,18,0,15,16,199,74,196,76,77,11,2,20,5,4,4,1,0,2,0,7,1,0,3,7,5,3,0
130,12,11,11,15,15,16,160,142,91,199,107,9,9,5,5,4,3,3,2,7,6,5,5,6,7,0,4,11,0
130,18,1,1,12,16,11,81,159,166,81,106,19,19,8,4,9,0,1,6,8,8,1,0,9,0,1,1,17,0
130,24,1,6,7,15,2,76,78,50,91,150,19,14,13,5,18,1,4,0,7,1,1,1,7,0,1,5,15,0
131,6,4,19,6,7,1,189,198,169,121,90,16,1,14,13,19,3,7,5,4,0,2,3,4,0,0,4,5,1
131,12,11,18,8,4,9,124,75,72,60,153,9,2,12,16,11,1,8,5,3,1,7,7,1,4,7,4,15,0
131,18,19,16,12,1,3,98,132,180,195,51,1,4,8,19,17,5,2,3,1,3,7,5,9,1,0,2,5,1
131,24,1,1,1,6,9,123,132,81,138,54,19,19,19,14,11,0,1,1,0,7,1,0,1,5,2,2,9,0
132,6,4,2,16,6,14,135,140,182,121,96,16,18,4,14,6,2,2,7,6,0,0,0,7,5,7,1,16,0
132,12,17,13,4,10,10,56,167,169,53,127,3,7,16,10,10,0,5,3,2,8,5,1,2,8,1,2,6,0
132,18,18,3,4,4,11,133,51,192,75,55,2,17,16,16,9,8,0,1,4,2,9,0,3,1,3,3,15,0
132,24,18,6,15,5,8,101,183,142,104,69,2,14,5,15,12,7,4,2,1,2,0,2,4,5,7,4,6,1
133,6,16,18,9,10,5,112,86,169,95,199,4,2,11,10,15,3,0,6,9,5,4,5,0,3,1,3,5,0
133,12,6,2,11,3,3,166,97,57,165,195,14,18,9,17,17,3,2,9,0,1,2,1,6,2,0,3,19,1
133,18,18,1,3,8,8,82,181,189,72,60,2,19,17,12,12,2,1,1,0,7,3,0,2,7,1,2,12,1
133,24,13,9,1,2,15,61,146,196,172,57,7,11,19,18,5,3,3,0,2,8,0,1,0,1,6,2,14,1
134,6,6,7,3,3,16,134,52,126,143,183,14,13,17,17,4,0,1,3,0,6,1,7,2,3,0,3,13,1
134,12,8,5,10,14,13,69,92,132,103,84,12,15,10,6,7,4,5,6,2,1,7,1,6,1,8,3,13,0
134,18,16,0,11,13,17,148,123,55,103,167,4,20,9,7,3,0,0,3,3,3,7,0,3,5,3,3,5,1
134,24,13,10,8,15,19,128,159,57,77,176,7,10,12,5,1,4,0,4,4,3,2,7,5,4,6,2,7,1
135,6,10,5,12,10,18,107,173,107,165,196,10,15,8,10,2,9,2,0,7,1,4,2,8,9,5,1,0,0
135,12,14,11,6,12,17,94,104,182,74,134,6,9,14,8,3,4,4,2,6,4,4,7,0,3,4,3,2,1
135,18,8,11,0,18,10,180,122,72,168,183,12,9,20,2,10,1,8,0,3,7,6,0,0,2,3,4,15,1
135,24,4,8,19,5,5,130,76,184,126,142,16,12,1,15,15,2,6,3,3,3,2,2,3,4,5,5,17,0
136,6,1,3,15,0,15,194,113,198,118,88,19,17,5,20,5,0,1,0,0,5,0,1,0,0,9,2,14,0
136,12,16,7,13,11,19,98,157,129,137,171,4,13,7,9,1,6,0,7,7,4,1,7,8,8,8,2,12,1
136,18,9,5,3,6,2,127,92,155,154,56,11,15,17,14,18,2,2,1,6,0,7,1,3,1,0,4,18,1
136,24,13,8,11,6,5,75,142,102,183,159,7,12,9,14,15,7,8,2,1,1,1,5,0,2,0,5,6,1
137,6,6,0,17,12,18,193,63,91,160,94,14,20,3,8,2,3,0,2,3,9,6,0,5,3,3,4,1,0
137,12,1,14,8,4,15,96,110,180,76,92,19,6,12,16,5,1,6,3,3,6,0,9,2,3,2,2,0,0
137,18,16,19,4,8,12,193,59,187,74,164,4,1,16,12,8,4,9,2,7,5,4,3,4,2,2,1,0,0
137,24,13,5,5,11,19,147,188,87,156,59,7,15,15,9,1,6,2,4,2,8,5,2,0,5,6,4,5,0
138,6,10,3,1,5,16,82,191,68,60,61,10,17,19,15,4,8,3,1,0,8,7,2,0,3,1,2,1,1
138,12,5,1,1,11,4,188,110,169,51,77,15,19,19,9,16,0,1,1,2,3,5,0,0,1,1,2,16,0
138,18,7,4,5,6,11,55,117,188,123,79,13,16,15,14,9,2,0,2,4,9,3,1,3,5,0,2,9,1
138,24,11,19,8,19,5,93,163,58,150,78,9,1,12,1,15,5,6,7,3,0,5,6,8,6,2,3,4,0
139,6,3,16,17,7,7,183,140,147,134,66,17,4,3,13,13,2,6,0,7,7,3,7,2,3,4,3,17,1
139,12,18,14,18,10,12,75,94,60,134,119,2,6,2,10,8,3,9,6,4,9,4,5,3,4,5,1,13,1
139,18,12,4,17,14,10,168,198,190,195,67,8,16,3,6,10,8,4,1,0,6,6,0,8,9,5,3,16,1
139,24,11,19,4,19,10,181,141,127,87,163,9,1,16,1,10,7,7,0,9,2,1,8,2,4,7,4,16,1
140,6,5,18,7,12,15,166,113,105,141,169,15,2,13,8,5,5,0,7,4,7,5,0,2,5,1,2,17,1
140,12,6,3,1,19,16,187,167,162,176,181,14,17,19,1,4,4,3,0,4,8,2,2,0,7,9,4,11,1
140,18,6,3,6,4,2,92,171,58,155,128,14,17,14,16,18,5,1,5,2,1,5,0,5,2,0,5,1,1
140,24,16,18,14,15,7,81,107,120,116,129,4,2,6,5,13,5,4,0,9,0,6,1,0,1,3,3,7,1
141,6,14,6,6,11,0,158,142,118,188,156,6,14,14,9,20,3,3,1,8,0,6,5,6,4,0,1,12,1
141,12,5,13,15,18,5,197,57,129,57,133,15,7,5,2,15,4,6,0,1,5,0,6,5,3,2,3,7,1
141,18,9,10,2,13,17,87,182,140,122,160,11,10,18,7,3,4,4,0,4,3,5,3,0,0,4,2,5,1
141,24,2,8,15,3,17,197,53,141,74,131,18,12,5,17,3,0,8,8,0,4,2,3,5,0,4,3,3,0
142,6,2,5,14,0,11,142,115,162,70,135,18,15,6,20,9,0,3,1,0,7,1,5,6,0,0,4,1,0
142,12,14,0,3,9,16,141,194,197,105,71,6,20,17,11,4,4,0,1,4,4,1,0,1,9,4,3,15,0
142,18,5,7,9,12,3,109,108,196,150,112,15,13,11,8,17,5,2,4,3,1,0,4,5,9,2,4,12,0
142,24,8,18,14,7,0,147,135,155,90,158,12,2,6,13,20,5,6,1,2,0,3,6,6,2,0,5,18,0
143,6,2,8,2,15,8,63,175,158,67,86,18,12,18,5,12,1,8,1,7,8,2,2,2,0,8,2,2,1
143,12,3,4,13,1,2,185,141,137,104,146,17,16,7,19,18,2,0,5,1,0,3,0,5,0,0,4,4,0
143,18,13,8,6,17,0,83,157,150,140,91,7,12,14,3,20,9,3,3,7,0,5,0,5,6,0,1,3,0
143,24,10,10,7,14,12,106,76,59,67,73,10,10,13,6,8,7,5,2,9,5,6,6,6,9,1,3,12,1
144,6,15,13,17,1,5,88,107,72,138,128,5,7,3,19,15,6,5,1,1,2,2,1,0,1,3,1,3,0
144,12,6,14,11,15,14,173,185,187,174,136,14,6,9,5,6,3,6,9,3,3,1,9,5,2,9,3,7,1
144,18,19,9,14,1,19,146,157,94,184,150,1,11,6,19,1,2,6,8,0,1,6,9,7,1,7,3,3,1
144,24,17,10,1,7,13,73,73,132,198,60,3,10,19,13,7,9,5,1,7,4,9,6,0,3,8,3,13,1
145,6,11,9,4,17,0,144,58,174,178,75,9,11,16,3,20,2,3,4,7,0,6,8,2,4,0,4,19,1
145,12,14,8,15,14,12,143,134,134,190,189,6,12,5,6,8,9,3,7,1,6,1,4,8,5,6,3,15,1
145,18,14,16,2,16,12,67,50,184,121,171,6,4,18,4,8,9,9,0,6,4,7,0,0,4,6,3,15,0
145,24,7,13,11,4,11,118,175,63,176,110,13,7,9,16,9,5,6,9,4,6,5,7,2,0,3,5,0,1
146,6,18,18,2,3,16,115,151,174,145,93,2,2,18,17,4,3,3,0,3,5,0,2,2,0,2,2,6,0
146,12,3,11,9,12,1,185,86,195,75,196,17,9,11,8,19,3,4,3,0,0,2,2,2,2,0,1,9,1
146,18,17,6,3,5,10,154,132,160,84,121,3,14,17,15,10,5,4,1,3,5,4,3,3,3,0,5,0,1
146,24,7,0,14,15,2,194,171,141,76,126,13,20,6,5,18,2,0,6,0,0,7,0,4,1,0,4,6,0
147,6,7,10,13,14,17,56,135,189,98,182,13,10,7,6,3,7,1,6,7,6,2,6,7,8,5,2,15,1
147,12,15,8,8,11,11,169,186,145,144,118,5,12,12,9,9,2,7,0,1,3,1,2,2,6,7,1,14,1
147,18,15,7,6,7,4,87,182,163,124,69,5,13,14,13,16,6,0,1,3,2,8,0,2,7,2,1,18,1
147,24,19,14,8,16,6,95,199,162,158,152,1,6,12,4,14,8,2,4,6,6,7,5,7,8,4,2,8,0
148,6,2,19,5,15,15,138,113,166,72,107,18,1,15,5,5,0,2,2,6,7,2,1,2,5,4,1,1,0
148,12,8,10,18,2,11,105,108,100,175,180,12,10,2,18,9,7,5,2,1,3,2,9,8,0,1,1,15,0
148,18,19,9,18,19,6,199,85,191,115,152,1,11,2,1,14,3,3,1,6,5,4,1,9,4,5,5,3,0
148,24,9,11,0,18,17,73,159,63,115,83,11,9,20,2,3,3,6,0,6,6,2,9,0,9,6,1,2,1
149,6,10,17,8,14,7,162,130,145,163,158,10,3,12,6,13,4,9,5,4,5,2,2,1,9,6,1,15,1
149,12,12,3,6,19,10,119,96,160,121,172,8,17,14,1,10,6,0,1,0,7,9,2,5,3,9,2,13,0
149,18,9,10,2,0,9,64,89,51,87,174,11,10,18,20,11,4,6,2,0,4,0,6,0,0,9,1,5,0
149,24,2,9,6,6,3,176,166,124,146,98,18,11,14,14,17,2,6,2,1,2,0,1,6,1,1,4,8,0
150,6,8,7,8,17,4,62,111,149,199,190,12,13,12,3,16,3,7,2,3,2,2,1,2,8,1,5,10,0
150,12,16,16,15,10,7,174,120,76,114,113,4,4,5,10,13,1,1,6,5,5,7,2,9,0,0,2,1,0
150,18,1,4,12,4,17,143,177,104,164,126,19,16,8,16,3,1,3,1,0,8,0,0,5,1,5,5,18,0
150,24,18,17,19,14,13,106,154,145,74,116,2,3,1,6,7,3,8,0,0,4,3,7,2,5,7,3,8,1
151,6,19,12,7,7,9,58,129,80,161,126,1,8,13,13,11,3,2,6,5,9,1,3,3,0,0,1,14,0
151,12,19,4,7,14,2,134,173,70,199,169,1,16,13,6,18,9,1,0,9,2,5,0,1,3,1,3,2,1
151,18,5,18,18,4,1,75,193,97,198,72,15,2,2,16,19,5,0,2,2,1,2,1,6,2,0,3,19,0
151,24,5,2,12,6,3,120,164,58,66,76,15,18,8,14,17,2,0,7,5,1,4,2,7,3,2,2,16,1
152,6,0,7,7,18,7,184,57,134,143,67,20,13,13,2,13,0,6,5,5,1,0,1,0,4,1,3,18,1
152,12,12,0,11,19,1,82,139,66,161,196,8,20,9,1,19,0,0,4,9,1,7,0,8,3,1,4,5,0
152,18,6,15,16,8,12,95,55,60,57,51,14,5,4,12,8,2,3,8,4,2,4,4,5,5,4,2,12,1
152,24,17,9,12,13,17,196,133,181,140,164,3,11,8,7,3,0,4,3,2,0,1,7,2,3,6,5,11,1
153,6,0,18,19,15,8,158,187,147,89,118,20,2,1,5,12,0,3,2,1,0,0,3,4,9,7,4,11,1
153,12,0,5,15,16,9,142,127,84,134,122,20,15,5,4,11,0,4,2,8,6,0,4,2,5,0,1,4,1
153,18,18,2,4,6,10,151,80,160,66,178,2,18,16,14,10,9,0,2,2,4,6,2,1,5,0,4,5,1
153,24,11,15,17,0,5,78,150,140,124,89,9,5,3,20,15,2,2,8,0,2,8,6,7,0,3,3,16,0
154,6,18,11,18,2,19,128,116,106,149,181,2,9,2,18,1,2,2,0,1,4,1,0,3,1,1,5,12,1
154,12,14,6,12,19,8,172,187,77,77,99,6,14,8,1,12,4,1,0,1,7,4,4,6,8,6,5,14,1
154,18,5,9,10,0,19,167,81,150,82,162,15,11,10,20,1,2,6,2,0,2,3,7,0,0,6,3,10,0
154,24,1,15,0,18,6,188,183,179,143,104,19,5,20,2,14,0,8,0,2,4,1,5,0,4,6,1,7,0
155,6,11,17,1,16,11,102,152,97,90,127,9,3,19,4,9,2,9,0,4,3,3,2,1,4,0,5,4,1
155,12,14,6,6,9,3,87,112,74,98,73,6,14,14,11,17,6,5,6,9,1,1,1,4,9,3,1,15,1
155,18,15,7,17,4,8,150,185,64,62,50,5,13,3,16,12,6,6,8,0,8,6,7,7,2,5,3,11,0
155,24,18,18,10,9,11,144,119,111,84,68,2,2,10,11,9,6,0,3,6,5,5,0,4,4,6,2,8,0
156,6,11,9,8,6,0,177,196,99,148,142,9,11,12,14,20,4,0,8,3,0,1,6,6,3,0,2,1,0
156,12,1,8,7,18,16,199,187,125,61,57,19,12,13,2,4,0,6,4,1,1,0,6,6,6,5,2,5,1
156,18,17,11,12,9,17,194,189,102,90,198,3,9,8,11,3,0,4,2,9,9,8,7,6,3,2,1,17,1
156,24,6,10,8,17,14,127,61,130,66,75,14,10,12,3,6,1,5,2,8,5,6,0,2,3,1,2,18,0
157,6,14,12,12,1,13,83,113,187,137,107,6,8,8,19,7,8,5,8,0,6,9,1,0,1,3,1,15,1
157,12,1,9,0,13,10,89,53,69,115,68,19,11,20,7,10,1,9,0,1,3,1,5,0,5,9,2,6,1
157,18,12,12,17,3,11,186,93,186,81,116,8,8,3,17,9,6,0,3,1,0,4,2,0,0,4,2,9,1
157,24,3,15,12,18,6,56,103,90,58,85,17,5,8,2,14,2,3,0,1,4,2,8,9,5,6,3,12,1
158,6,14,13,16,2,16,135,107,189,86,192,6,7,4,18,4,0,7,7,2,2,6,0,6,1,6,4,3,0
158,12,8,17,0,12,3,138,130,159,163,105,12,3,20,8,17,2,1,0,6,0,0,7,0,7,2,1,13,0
158,18,7,1,7,0,12,65,91,166,116,84,13,19,13,20,8,7,1,1,0,7,1,1,0,0,8,1,6,0
158,24,6,9,5,14,6,196,114,73,68,61,14,11,15,6,14,6,4,1,9,6,5,0,3,2,0,4,1,0
159,6,9,9,10,6,13,166,104,180,56,135,11,11,10,14,7,2,6,4,3,6,1,2,4,3,4,4,10,1
159,12,0,18,18,4,9,148,59,159,131,119,20,2,2,16,11,0,0,6,0,3,0,7,4,4,7,3,7,0
159,18,14,19,4,14,15,89,81,117,150,165,6,1,16,6,5,8,4,3,7,2,8,9,0,1,1,3,12,1
159,24,14,5,5,17,12,138,125,120,158,87,6,15,15,3,8,0,2,1,1,8,3,3,0,8,6,3,6,0
160,6,5,11,19,4,17,75,152,184,112,180,15,9,1,16,3,3,1,2,1,4,0,2,3,0,9,1,3,1
160,12,3,2,4,13,3,150,76,123,61,82,17,18,16,7,17,3,0,3,1,2,0,1,3,7,1,2,10,1
160,18,17,14,14,16,11,149,122,129,120,61,3,6,6,4,9,1,2,9,4,4,2,9,2,7,7,3,19,1
160,24,13,1,18,0,9,185,159,112,115,148,7,19,2,20,11,7,1,3,0,9,8,0,4,0,6,3,17,0
161,6,9,19,2,8,11,191,157,139,149,58,11,1,18,12,9,8,6,1,2,5,6,7,2,8,4,3,9,1
161,12,5,4,10,9,15,182,116,199,191,96,15,16,10,11,5,2,1,8,1,5,0,0,7,1,3,4,8,1
161,18,9,14,15,11,14,124,144,168,61,87,11,6,5,9,6,2,5,7,6,9,2,0,0,4,8,1,15,1
161,24,7,5,13,4,4,168,124,103,114,105,13,15,7,16,16,4,3,4,1,2,5,4,1,2,2,2,9,1
162,6,19,14,5,7,19,175,159,118,108,64,1,6,15,13,1,0,8,3,0,7,9,2,0,3,6,4,0,0
162,12,3,1,16,12,12,90,109,183,192,142,17,19,4,8,8,0,0,5,5,0,2,0,5,3,5,3,1,1
162,18,0,10,17,13,9,146,99,199,152,117,20,10,3,7,11,0,2,3,9,3,0,7,1,7,1,4,4,1
162,24,6,8,4,16,8,72,68,114,140,153,14,12,16,4,12,2,4,0,8,0,1,5,2,3,3,3,17,0
163,6,8,12,12,6,9,196,53,173,125,148,12,8,8,14,11,4,2,7,3,4,3,8,7,2,6,3,5,1
163,12,19,13,7,8,11,174,160,135,93,152,1,7,13,12,9,8,8,5,2,5,7,8,2,2,5,3,15,0
163,18,0,3,10,3,4,186,61,144,187,195,20,17,10,17,16,0,2,7,1,1,0,2,6,0,3,1,1,1
163,24,10,12,7,8,10,151,191,114,154,54,10,8,13,12,10,5,7,1,3,0,9,8,6,6,4,4,9,0
164,6,15,12,12,0,14,104,137,152,102,184,5,8,8,20,6,4,4,1,0,5,5,9,2,0,7,2,14,0
164,12,4,11,8,5,6,136,119,124,50,78,16,9,12,15,14,3,9,6,0,1,0,9,2,5,6,3,0,1
164,18,15,16,7,8,7,192,120,198,136,198,5,4,13,12,13,2,3,2,1,2,3,5,1,5,0,4,3,0
164,24,6,14,3,3,15,123,120,57,51,50,14,6,17,17,5,5,6,1,0,5,4,6,0,2,5,5,14,0
165,6,2,18,0,4,15,51,199,134,55,150,18,2,20,16,5,1,6,0,1,5,1,0,0,0,2,2,8,0
165,12,8,10,6,16,14,121,169,123,71,95,12,10,14,4,6,0,3,2,7,1,8,8,3,4,7,5,2,1
165,18,17,4,14,5,1,79,89,135,123,95,3,16,6,15,19,9,2,2,4,1,9,4,1,2,0,2,1,1
165,24,18,9,7,10,13,160,190,191,157,71,2,11,13,10,7,8,8,0,2,1,2,2,6,0,1,2,3,1
166,6,3,4,16,14,18,119,55,148,83,70,17,16,4,6,2,1,3,0,1,0,2,4,7,5,6,5,1,0
166,12,9,6,4,14,11,115,191,108,139,118,11,14,16,6,9,3,4,2,9,7,8,1,1,9,6,3,14,1
166,18,5,3,2,3,3,187,112,172,194,146,15,17,18,17,17,2,1,1,1,2,5,3,0,1,1,2,9,1
166,24,18,10,4,10,19,71,197,52,92,93,2,10,16,10,1,9,5,2,6,9,8,9,2,2,0,2,19,0
167,6,12,0,18,10,0,81,191,87,167,102,8,20,2,10,20,3,0,4,2,0,6,0,8,9,0,1,10,1
167,12,16,16,6,5,17,53,172,177,113,103,4,4,14,15,3,6,1,3,4,8,0,2,2,1,1,4,5,0
167,18,14,14,2,11,9,138,99,180,115,129,6,6,18,9,11,6,1,0,2,7,1,5,0,8,9,1,19,1
167,24,4,4,5,3,7,107,184,95,80,140,16,16,15,17,13,1,4,1,0,4,1,4,2,3,2,2,1,0
168,6,8,2,19,15,15,54,128,56,135,179,12,18,1,5,5,6,1,7,2,9,7,0,8,0,0,2,17,1
168,12,16,0,3,0,7,166,164,138,86,55,4,20,17,20,13,1,0,2,0,7,9,0,0,0,7,1,0,1
168,18,4,17,8,3,15,175,54,130,144,174,16,3,12,17,5,4,4,5,3,3,0,0,6,2,0,1,0,0
168,24,3,15,8,16,8,69,154,95,137,123,17,5,12,4,12,3,9,7,2,3,2,7,6,4,4,5,1,1
169,6,11,4,1,0,6,86,62,168,93,183,9,16,19,20,14,2,4,0,0,0,2,3,1,0,5,2,6,0
169,12,9,6,12,11,0,101,151,135,199,153,11,14,8,9,20,9,5,1,9,0,7,6,2,8,0,5,5,0
169,18,12,12,8,1,18,106,165,109,61,101,8,8,12,19,2,7,6,2,1,4,7,2,2,1,2,2,13,0
169,24,6,5,15,9,9,114,150,120,142,132,14,15,5,11,11,3,2,4,1,5,6,3,5,4,7,3,3,0
170,6,15,4,18,8,15,57,172,120,166,83,5,16,2,12,5,1,1,3,7,0,2,4,6,8,4,5,3,1
170,12,18,2,17,0,14,89,165,184,126,83,2,18,3,20,6,4,2,0,0,0,6,2,6,0,4,4,0,0
170,18,14,0,12,0,13,102,121,135,196,86,6,20,8,20,7,6,0,8,0,5,2,0,1,0,7,4,15,0
170,24,5,0,15,18,8,80,74,178,133,90,15,20,5,2,12,1,0,5,2,1,5,0,8,5,3,4,5,0
171,6,15,10,6,7,8,76,153,96,137,115,5,10,14,13,12,6,8,0,0,2,5,6,5,5,6,4,2,1
171,12,16,15,7,9,12,131,182,101,100,90,4,5,13,11,8,1,9,7,6,8,2,4,5,6,4,3,8,0
171,18,0,5,15,17,11,84,113,169,51,142,20,15,5,3,9,0,1,7,3,0,0,3,6,9,6,3,13,1
171,24,15,17,9,4,9,167,88,198,133,187,5,3,11,16,11,0,7,8,2,4,8,6,4,3,2,5,15,0
172,6,19,16,10,13,3,155,153,63,119,152,1,4,10,7,17,1,9,7,3,1,1,2,5,5,2,5,17,1
172,12,10,16,9,11,6,171,67,113,130,132,10,4,11,9,14,0,5,0,2,0,8,8,8,4,5,1,0,0
172,18,0,17,2,6,12,125,73,120,72,153,20,3,18,14,8,0,6,1,5,5,0,2,0,4,7,5,7,0
172,24,9,19,15,13,15,62,120,150,181,119,11,1,5,7,5,2,8,4,7,9,1,1,5,3,5,2,15,0
173,6,2,0,6,14,3,187,58,169,73,184,18,20,14,6,17,0,0,1,7,0,1,0,6,6,0,5,1,0
173,12,14,3,14,13,18,56,181,93,119,69,6,17,6,7,2,3,1,1,9,4,8,0,9,4,9,4,14,1
173,18,14,4,12,3,7,91,83,146,151,81,6,16,8,17,13,3,0,4,0,2,6,0,6,2,3,5,1,1
173,24,6,12,16,3,19,84,98,128,99,76,14,8,4,17,1,2,9,3,0,6,1,7,4,0,3,3,4,1
174,6,10,12,7,14,3,150,99,101,174,196,10,8,13,6,17,3,0,7,8,3,0,5,4,3,2,2,15,0
174,12,13,4,7,19,0,150,150,75,90,107,7,16,13,1,20,9,3,1,5,0,0,0,0,2,0,3,3,0
174,18,2,14,0,8,17,160,131,88,157,138,18,6,20,12,3,2,4,0,2,7,1,1,0,8,5,1,7,0
174,24,5,12,5,19,12,158,96,165,195,80,15,8,15,1,8,1,5,3,4,5,5,7,5,8,1,2,14,0
175,6,8,14,3,12,12,122,157,74,90,177,12,6,17,8,8,6,2,1,7,3,1,6,2,8,4,4,18,1
175,12,15,3,17,18,10,187,55,185,84,77,5,17,3,2,10,8,0,5,4,6,5,1,5,6,7,3,1,0
175,18,7,1,19,5,3,98,63,128,141,162,13,19,1,15,17,5,0,1,2,1,6,0,6,5,0,4,10,1
175,24,5,4,17,8,9,136,77,96,122,173,15,16,3,12,11,5,4,9,2,6,2,0,9,4,6,5,5,0
176,6,7,9,10,19,17,176,166,90,139,117,13,11,10,1,3,7,7,6,0,5,2,5,0,3,0,3,16,0
176,12,16,11,12,9,13,117,167,113,119,84,4,9,8,11,7,5,3,4,5,1,4,5,5,3,8,3,18,1
176,18,14,14,0,18,8,124,86,144,127,166,6,6,20,2,12,6,9,0,0,3,1,5,0,5,0,3,2,0
176,24,8,2,3,0,4,122,176,54,118,64,12,18,17,20,16,7,1,2,0,2,1,1,3,0,3,2,11,1
177,6,9,19,13,15,18,126,142,174,159,142,11,1,7,5,2,1,5,0,8,9,4,9,2,5,6,2,8,1
177,12,2,19,10,14,5,96,68,185,112,154,18,1,10,6,15,0,2,6,0,1,1,6,2,7,0,5,12,1
177,18,14,11,8,0,2,94,177,78,85,66,6,9,12,20,18,4,9,7,0,1,7,5,4,0,1,4,19,0
177,24,14,18,6,2,2,129,52,83,176,51,6,2,14,18,18,1,8,6,1,2,9,1,3,1,1,2,14,0
178,6,2,3,5,19,16,131,174,105,52,177,18,17,15,1,4,1,0,1,2,1,1,0,1,3,5,4,12,0
178,12,16,0,16,2,16,104,185,122,52,161,4,20,4,18,4,8,0,8,1,1,2,0,4,0,8,2,13,1
178,18,2,13,0,8,17,182,117,120,67,71,18,7,20,12,3,1,3,0,5,0,2,6,0,7,9,3,12,1
178,24,16,12,18,0,17,125,127,51,197,99,4,8,2,20,3,3,6,5,0,5,3,3,9,0,6,3,14,1
179,6,16,1,9,8,12,197,171,133,149,52,4,19,11,12,8,3,0,6,2,7,7,0,4,3,3,1,4,0
179,12,5,10,9,2,3,199,125,70,63,52,15,10,11,18,17,2,2,7,0,1,3,6,2,2,0,1,8,1
179,18,2,4,5,17,19,158,143,121,160,141,18,16,15,3,1,2,4,4,7,7,1,2,4,8,8,5,7,0
179,24,19,6,14,17,8,155,95,59,158,65,1,14,6,3,12,9,5,4,3,3,9,4,9,7,8,4,16,1
180,6,2,14,4,11,17,128,84,146,164,105,18,6,16,9,3,0,3,0,8,2,2,0,3,4,8,2,14,1
180,12,13,10,5,14,18,156,173,57,149,191,7,10,15,6,2,0,0,3,2,6,7,3,1,3,8,5,14,1
180,18,16,7,13,11,16,118,108,72,105,103,4,13,7,9,4,9,6,8,7,4,9,4,7,6,5,4,1,1
180,24,9,1,5,10,19,86,177,162,196,153,11,19,15,10,1,5,0,0,3,1,3,0,3,4,7,5,1,0
181,6,3,12,5,0,11,111,122,198,173,68,17,8,15,20,9,2,4,1,0,7,1,2,5,0,4,5,18,0
181,12,18,17,5,17,1,142,165,92,158,110,2,3,15,3,19,5,2,1,6,1,6,0,2,0,1,2,5,0
181,18,0,14,6,7,11,198,67,148,126,114,20,6,14,13,9,0,2,3,0,8,0,2,4,2,6,1,4,1
181,24,11,12,16,2,0,73,183,67,192,164,9,8,4,18,20,5,3,7,1,0,5,4,5,1,0,5,0,1
182,6,4,15,16,5,14,162,157,69,81,57,16,5,4,15,6,1,7,6,1,6,1,5,9,3,2,4,1,1
182,12,5,18,7,7,18,182,105,180,196,185,15,2,13,13,2,4,7,6,6,6,0,2,2,5,9,3,1,0
182,18,17,10,3,18,15,82,158,125,118,61,3,10,17,2,5,3,7,1,0,0,5,4,1,4,5,2,19,1
182,24,5,3,16,10,14,50,64,59,78,157,15,17,4,10,6,2,0,0,4,2,4,3,7,9,0,5,15,1
183,6,19,0,12,12,0,92,170,134,62,145,1,20,8,8,20,3,0,6,6,0,1,0,4,4,0,4,4,1
183,12,6,18,10,8,1,106,113,59,136,151,14,2,10,12,19,6,1,8,1,1,0,3,9,3,1,5,1,1
183,18,18,9,14,16,4,50,126,71,162,140,2,11,6,4,16,5,9,1,7,4,8,0,9,1,0,3,0,0
183,24,0,4,19,14,14,177,162,187,116,117,20,16,1,6,6,0,3,9,1,9,0,2,2,3,6,2,17,0
184,6,13,9,3,7,19,145,69,148,154,183,7,11,17,13,1,5,1,3,5,8,2,0,3,0,6,5,13,0
184,12,3,7,8,11,18,123,165,131,137,161,17,13,12,9,2,2,1,6,1,0,1,6,6,2,4,2,7,1
184,18,12,19,0,3,13,68,77,124,69,167,8,1,20,17,7,5,1,0,3,9,5,8,0,3,2,1,15,0
184,24,11,13,10,17,1,130,110,62,169,174,9,7,10,3,19,2,2,2,8,1,4,8,7,6,0,4,14,1
185,6,9,18,2,15,1,72,63,146,134,181,11,2,18,5,19,6,8,1,1,1,8,8,2,5,0,5,17,1
185,12,8,11,0,16,8,76,77,124,115,159,12,9,20,4,12,5,2,0,0,7,3,2,0,6,8,4,9,1
185,18,17,16,5,5,3,143,110,136,137,105,3,4,15,15,17,5,5,1,5,0,0,8,5,2,3,4,10,0
185,24,3,10,11,17,9,66,173,91,182,152,17,10,9,3,11,1,8,7,6,0,1,2,5,7,7,4,0,0
186,6,10,14,10,2,14,184,93,175,178,175,10,6,10,18,6,1,2,2,1,9,8,6,6,1,6,5,6,0
186,12,18,10,12,18,14,147,115,79,62,74,2,10,8,2,6,3,2,7,4,7,7,5,3,4,5,5,9,0
186,18,4,3,10,3,7,60,104,159,52,156,16,17,10,17,13,0,3,3,3,0,3,3,0,2,1,1,12,0
186,24,12,3,8,6,0,154,140,168,185,135,8,17,12,14,20,6,2,0,6,0,3,3,0,1,0,4,14,1
187,6,17,4,12,16,15,185,77,84,147,176,3,16,8,4,5,2,3,3,2,5,5,1,6,4,5,2,4,1
187,12,13,15,2,6,6,102,67,128,71,112,7,5,18,14,14,3,3,0,0,1,6,3,0,4,4,4,11,1
187,18,13,11,3,3,14,97,72,78,118,198,7,9,17,17,6,4,7,1,0,2,2,6,1,1,8,3,2,1
187,24,8,15,18,14,8,154,136,194,133,75,12,5,2,6,12,0,4,0,7,1,3,0,2,9,5,4,14,0
188,6,5,7,8,15,19,176,172,111,133,115,15,13,12,5,1,3,4,1,8,8,4,5,2,4,9,1,7,1
188,12,5,0,2,19,17,76,191,132,98,128,15,20,18,1,3,0,0,0,9,5,0,0,0,6,5,2,1,1
188,18,14,7,3,18,1,177,137,143,82,107,6,13,17,2,19,3,2,3,2,1,7,2,0,3,1,4,9,1
188,24,11,3,5,12,11,78,121,103,53,181,9,17,15,8,9,1,1,4,6,2,3,1,4,9,5,5,4,0
189,6,9,13,12,11,17,95,159,142,123,86,11,7,8,9,3,3,8,9,4,0,9,9,0,0,9,2,4,1
189,12,5,15,19,4,16,50,130,184,67,58,15,5,1,16,4,5,2,0,3,4,3,8,5,4,8,4,15,1
189,18,3,6,11,4,7,63,85,52,192,101,17,14,9,16,13,3,3,0,0,4,1,4,2,2,4,2,2,0
189,24,3,6,17,5,9,155,194,106,53,176,17,14,3,15,11,2,2,4,0,8,3,5,1,3,6,5,14,1
190,6,13,4,2,2,4,169,137,148,113,72,7,16,18,18,16,9,4,2,2,2,9,3,1,2,0,2,2,0
190,12,3,17,18,13,5,88,88,106,184,111,17,3,2,7,15,2,0,4,1,2,3,1,9,2,3,2,17,1
190,18,12,15,8,19,8,186,171,123,56,129,8,5,12,1,12,3,9,8,6,8,6,5,4,6,1,3,1,1
190,24,4,13,8,4,4,153,187,117,164,99,16,7,12,16,16,0,2,1,1,2,0,4,5,4,4,3,1,1
191,6,16,10,1,5,0,134,189,121,92,58,4,10,19,15,20,5,8,1,4,0,0,6,1,1,0,4,9,1
191,12,1,18,8,15,7,94,82,110,50,172,19,2,12,5,13,0,3,5,7,6,1,1,7,4,5,2,14,0
191,18,5,8,16,12,8,61,109,123,187,163,15,12,4,8,12,1,0,8,7,5,3,7,6,8,1,2,7,0
191,24,15,0,4,4,17,87,101,108,167,143,5,20,16,16,3,0,0,4,3,4,2,0,4,1,8,2,11,1
192,6,18,12,9,16,9,109,157,109,180,139,2,8,11,4,11,9,3,6,7,4,9,8,5,2,6,4,16,1
192,12,11,15,14,15,6,143,142,172,161,112,9,5,6,5,14,7,8,7,0,1,5,4,0,8,2,4,0,1
192,18,8,8,1,5,10,79,130,179,191,162,12,12,19,15,10,5,4,0,3,9,4,7,0,0,4,1,10,0
192,24,19,16,4,0,15,87,99,168,198,110,1,4,16,20,5,1,5,4,0,7,2,1,2,0,0,3,12,0
193,6,3,3,10,2,19,115,62,145,52,82,17,17,10,18,1,3,2,7,2,3,3,3,2,0,8,4,16,1
193,12,8,8,8,9,3,88,181,178,117,90,12,12,12,11,17,0,7,7,9,3,0,8,2,2,3,4,8,1
193,18,12,13,10,5,15,151,188,58,89,135,8,7,10,15,5,3,2,0,2,4,3,9,9,1,7,5,11,1
193,24,1,10,5,1,19,106,175,103,103,146,19,10,15,19,1,1,9,5,1,6,0,2,4,1,1,2,19,0
194,6,13,1,6,14,17,152,80,94,165,176,7,19,14,6,3,4,0,0,1,3,6,1,5,8,5,4,4,0
194,12,3,19,4,0,15,198,58,73,94,52,17,1,16,20,5,1,4,3,0,7,0,0,4,0,4,5,6,1
194,18,8,9,12,3,4,157,193,114,151,106,12,11,8,17,16,0,9,9,2,1,5,7,5,3,3,1,17,0
194,24,16,19,11,4,2,168,115,152,137,180,4,1,9,16,18,5,2,9,0,0,4,3,1,2,0,3,1,0
195,6,0,18,18,14,2,113,185,100,185,95,20,2,2,6,18,0,4,6,0,0,0,2,0,1,0,4,5,1
195,12,1,18,2,19,10,123,52,128,76,163,19,2,18,1,10,1,9,2,7,7,1,4,0,2,5,2,14,0
195,18,14,15,17,1,9,50,139,138,162,153,6,5,3,19,11,0,5,9,0,3,7,0,9,0,4,4,11,0
195,24,6,19,17,2,11,137,74,159,186,163,14,1,3,18,9,0,3,4,2,6,1,3,0,0,7,2,0,0
196,6,19,12,6,16,3,144,113,198,68,149,1,8,14,4,17,2,3,1,4,3,3,8,5,8,0,5,16,0
196,12,4,3,15,3,4,152,129,166,154,196,16,17,5,17,16,3,1,9,2,1,4,1,5,2,1,4,5,0
196,18,3,2,1,3,19,142,150,74,51,122,17,18,19,17,1,3,1,0,1,7,2,2,1,3,6,1,10,1
196,24,7,0,16,16,7,57,111,107,139,108,13,20,4,4,13,6,0,8,5,0,6,0,9,7,3,3,3,0
197,6,15,15,15,14,16,125,153,62,144,122,5,5,5,6,4,5,9,5,5,5,3,0,1,5,9,3,15,1
197,12,16,9,2,3,4,88,109,171,152,196,4,11,18,17,16,2,5,2,2,0,5,2,0,0,0,1,12,0
197,18,4,18,12,16,16,174,131,145,147,62,16,2,8,4,4,1,5,0,8,9,4,0,7,9,6,2,11,1
197,24,7,16,11,16,12,82,75,168,64,188,13,4,9,4,8,1,2,9,5,8,4,5,1,6,8,5,1,1
198,6,18,11,5,4,12,197,152,150,102,58,2,9,15,16,8,2,4,5,0,8,2,8,5,1,1,1,5,0
198,12,4,1,8,10,17,117,77,158,154,118,16,19,12,10,3,4,0,3,1,9,1,0,4,2,8,1,8,0
198,18,18,19,9,18,5,199,102,83,106,97,2,1,11,2,15,9,1,2,2,5,1,7,2,2,4,5,12,1
198,24,9,18,0,13,8,157,174,179,78,72,11,2,20,7,12,5,9,0,4,3,3,0,0,4,5,2,4,0
199,6,7,9,0,4,4,56,193,130,154,165,13,11,20,16,16,6,4,0,1,1,4,8,0,3,0,3,9,0
199,12,17,15,16,6,15,152,66,87,179,163,3,5,4,14,5,3,8,4,4,4,1,9,3,1,2,5,8,0
199,18,15,7,1,10,5,126,95,117,81,53,5,13,19,10,15,7,5,1,5,1,6,2,0,6,5,1,5,0
199,24,10,17,10,8,8,135,125,103,116,71,10,3,10,12,12,9,5,8,1,8,0,7,8,7,1,4,5,1
200,6,8,11,9,17,8,124,73,70,183,188,12,9,11,3,12,8,5,0,0,4,2,1,9,0,8,3,9,0
200,12,8,3,12,3,19,78,174,144,147,131,12,17,8,17,1,8,1,3,1,0,2,2,2,2,3,4,6,1
200,18,13,1,8,12,0,192,154,198,178,103,7,19,12,8,20,1,0,5,0,0,6,0,1,2,0,4,16,0
200,24,14,8,8,4,1,103,174,185,120,72,6,12,12,16,19,2,2,8,2,0,8,7,7,1,0,5,0,0
201,6,3,8,4,12,9,143,119,136,56,192,17,12,16,8,11,0,5,4,7,6,0,4,0,2,3,3,9,0
201,12,3,2,17,13,9,158,137,122,71,116,17,18,3,7,11,1,2,7,1,1,1,2,8,1,0,4,18,1
201,18,7,4,10,12,16,135,114,149,175,161,13,16,10,8,4,0,4,8,2,9,4,1,9,6,7,3,17,0
201,24,14,18,12,10,16,194,135,84,70,105,6,2,8,10,4,4,0,2,4,8,0,9,5,9,7,5,19,0
202,6,9,15,19,4,16,71,176,151,182,155,11,5,1,16,4,3,7,6,3,0,5,6,5,1,4,5,12,1
202,12,8,12,3,5,18,161,157,191,62,80,12,8,17,15,2,5,6,2,3,2,8,9,3,3,6,4,8,1
202,18,19,10,11,1,11,178,180,178,124,158,1,10,9,19,9,4,9,9,1,8,7,5,6,1,6,1,10,1
202,24,16,9,18,15,4,51,174,121,107,122,4,11,2,5,16,2,0,0,7,4,9,2,2,5,4,5,8,0
203,6,16,3,13,13,18,86,166,121,123,109,4,17,7,7,2,8,3,7,4,0,7,3,5,7,5,4,18,0
203,12,2,17,9,15,15,163,88,187,96,195,18,3,11,5,5,0,5,9,0,0,0,2,5,5,2,2,4,1
203,18,4,17,11,10,1,65,52,183,113,117,16,3,9,10,19,2,2,1,6,1,3,9,4,3,1,2,1,1
203,24,16,1,14,3,1,128,93,180,77,52,4,19,6,17,19,4,0,7,2,0,9,0,7,2,1,2,1,1
204,6,3,6,3,3,19,158,184,141,145,124,17,14,17,17,1,3,4,1,3,2,0,3,2,0,3,2,6,0
204,12,12,2,15,6,7,54,133,147,67,92,8,18,5,14,13,8,2,4,6,3,5,2,5,4,1,4,11,1
204,18,7,6,9,1,1,72,167,136,181,129,13,14,11,19,19,7,4,6,0,1,2,5,8,0,1,3,13,1
204,24,10,8,9,3,8,145,89,187,105,118,10,12,11,17,12,9,3,8,2,6,7,8,7,3,0,3,11,0
205,6,5,3,13,4,10,142,141,154,181,94,15,17,7,16,10,3,0,2,2,0,3,3,4,2,4,1,10,1
205,12,10,9,14,19,0,116,152,150,156,106,10,11,6,1,20,1,7,7,6,0,8,7,5,9,0,1,4,1
205,18,7,13,12,6,0,68,128,181,84,127,13,7,8,14,20,0,4,7,0,0,0,9,9,6,0,1,18,0
205,24,12,0,12,13,11,160,148,119,172,61,8,20,8,7,9,7,0,2,0,1,1,0,6,3,9,2,10,0
206,6,18,7,18,17,9,157,141,63,99,76,2,13,2,3,11,6,5,2,9,5,4,2,6,1,1,5,14,1
206,12,12,3,12,9,7,55,131,92,144,112,8,17,8,11,13,0,1,1,7,1,1,3,6,6,1,1,17,1
206,18,1,2,5,4,3,163,110,85,134,63,19,18,15,16,17,0,1,0,4,3,1,0,1,4,1,2,15,1
206,24,14,3,5,17,9,143,95,59,77,156,6,17,15,3,11,3,3,2,3,6,6,2,5,8,9,1,15,1
207,6,1,9,8,0,10,56,63,67,144,150,19,11,12,20,10,1,3,2,0,1,1,4,7,0,6,3,1,1
207,12,16,11,9,14,15,73,103,109,154,125,4,9,11,6,5,0,6,1,7,0,4,4,4,2,8,5,16,0
207,18,8,16,12,12,11,183,148,97,113,79,12,4,8,8,9,3,3,3,9,4,4,2,8,3,5,2,17,0
207,24,15,15,8,2,7,92,111,119,68,170,5,5,12,18,13,8,1,1,1,0,2,6,4,0,7,5,15,1
208,6,9,9,10,1,13,135,153,111,103,85,11,11,10,19,7,1,3,7,0,3,7,4,0,1,6,2,15,1
208,12,18,14,19,0,10,61,158,170,168,105,2,6,1,20,10,9,8,9,0,9,1,3,7,0,7,1,0,0
208,18,13,6,12,19,16,86,57,146,61,109,7,14,8,1,4,6,3,5,0,0,6,6,1,7,9,2,11,0
208,24,8,9,4,10,16,125,61,196,58,153,12,11,16,10,4,4,6,3,3,6,2,5,2,0,2,4,11,1
209,6,1,17,17,3,18,131,152,160,84,169,19,3,3,17,2,0,0,2,2,9,0,9,3,0,7,4,14,0
209,12,6,7,4,19,0,102,85,124,81,118,14,13,16,1,20,4,4,4,3,0,4,2,0,6,0,5,2,0
209,18,11,1,10,2,14,99,98,104,146,99,9,19,10,18,6,2,1,0,2,2,3,0,4,2,2,2,7,1
209,24,9,0,15,5,14,181,124,125,82,193,11,20,5,15,6,9,0,4,5,7,5,0,5,4,9,5,2,0
210,6,9,10,15,5,13,142,186,171,111,104,11,10,5,15,7,3,5,5,4,7,2,8,0,2,9,5,17,1
210,12,15,12,1,14,19,124,69,87,79,138,5,8,19,6,1,0,8,0,6,7,0,3,0,5,8,4,1,0
210,18,18,5,5,14,15,131,174,102,124,79,2,15,15,6,5,6,0,4,4,6,8,4,5,1,6,3,0,0
210,24,15,3,19,9,14,143,107,179,111,78,5,17,1,11,6,3,1,9,8,6,2,3,9,5,0,3,1,1
211,6,13,0,16,17,12,155,174,146,127,123,7,20,4,3,8,3,0,1,4,6,5,0,5,1,3,5,1,1
211,12,17,7,15,11,19,85,95,108,110,154,3,13,5,9,1,0,4,8,5,6,2,5,8,8,3,4,5,0
211,18,8,1,13,1,16,132,75,55,79,141,12,19,7,19,4,2,0,3,1,4,3,1,4,1,2,5,6,1
211,24,14,6,16,8,10,169,84,84,161,184,6,14,4,12,10,1,6,5,5,3,2,0,5,6,5,4,11,0
212,6,4,9,16,16,10,104,52,117,94,63,16,11,4,4,10,0,4,2,7,6,1,9,5,0,5,1,6,1
212,12,8,19,6,2,12,171,119,175,118,188,12,1,14,18,8,2,8,3,1,6,0,1,4,1,8,5,12,1
212,18,1,10,2,17,6,150,77,64,121,152,19,10,18,3,14,1,2,2,0,4,1,6,0,3,0,1,9,1
212,24,9,18,2,2,1,50,63,176,84,124,11,2,18,18,19,1,0,0,1,0,2,8,2,2,0,2,18,0
213,6,15,18,1,0,13,107,149,196,152,178,5,2,19,20,7,2,4,1,0,4,9,9,0,0,3,5,17,1
213,12,18,10,7,5,16,170,121,168,159,86,2,10,13,15,4,1,4,5,5,7,4,8,1,0,9,1,3,1
213,18,14,16,0,4,19,81,91,58,153,189,6,4,20,16,1,5,6,0,4,8,6,4,0,2,1,4,7,1
213,24,5,4,12,7,15,93,96,174,157,143,15,16,8,13,5,3,4,7,7,3,2,4,7,0,5,5,7,0
214,6,11,1,8,19,19,179,199,112,115,82,9,19,12,1,1,8,0,0,1,6,9,0,3,8,9,1,11,0
214,12,7,10,10,13,11,182,195,198,124,150,13,10,10,7,9,4,8,2,6,0,3,0,4,6,2,2,7,1
214,18,1,15,15,13,19,65,166,83,173,164,19,5,5,7,1,1,9,3,6,1,0,5,7,5,5,5,5,1
214,24,9,10,17,7,8,97,85,122,151,61,11,10,3,13,12,2,8,3,4,6,6,4,0,3,5,5,6,1
215,6,5,17,17,7,0,162,184,147,192,158,15,3,3,13,20,1,6,4,0,0,5,1,8,7,0,1,13,1
215,12,9,4,18,16,15,182,176,57,161,104,11,16,2,4,5,5,0,9,2,6,3,4,0,1,4,2,9,1
215,18,8,7,10,8,3,160,148,134,84,171,12,13,10,12,17,5,4,3,1,2,1,1,9,0,0,2,7,1
215,24,15,14,10,1,13,50,54,58,95,134,5,6,10,19,7,7,0,9,1,5,3,3,0,1,5,4,9,1
216,6,17,5,10,6,16,105,59,195,119,51,3,15,10,14,4,3,4,8,3,5,9,2,0,1,3,1,4,1
216,12,2,10,11,16,3,110,156,112,76,160,18,10,9,4,17,2,3,0,5,3,1,3,5,0,2,1,0,0
216,18,7,5,7,8,1,179,63,91,119,77,13,15,13,12,19,2,3,4,6,1,4,4,2,5,0,4,15,1
216,24,16,14,2,7,6,79,135,130,53,194,4,6,18,13,14,6,0,2,1,0,7,9,0,2,1,1,5,1
217,6,17,12,2,16,9,190,184,74,153,99,3,8,18,4,11,0,0,2,4,5,6,6,2,7,2,3,7,1
217,12,19,18,1,15,4,160,134,91,173,145,1,2,19,5,16,8,7,0,9,0,8,3,0,4,4,4,2,1
217,18,3,19,1,15,9,63,146,183,63,78,17,1,19,5,11,1,3,1,0,9,1,1,1,9,6,5,9,0
217,24,8,18,10,11,17,133,148,69,75,109,12,2,10,9,3,4,3,0,4,6,0,2,8,8,2,3,15,1
218,6,1,8,9,6,18,70,70,127,115,124,19,12,11,14,2,0,4,7,4,8,0,3,2,5,2,2,10,1
218,12,16,13,12,18,14,87,187,122,90,56,4,7,8,2,6,3,1,6,6,2,7,0,6,2,7,4,0,1
218,18,5,0,2,8,17,193,50,155,147,60,15,20,18,12,3,1,0,2,4,6,5,0,1,7,5,2,15,0
218,24,5,12,2,12,19,152,174,79,120,142,15,8,18,8,1,5,3,0,7,0,4,7,0,4,7,4,13,1
219,6,17,11,1,1,6,140,92,132,101,134,3,9,19,19,14,3,5,1,0,4,2,9,1,0,0,5,19,0
219,12,8,13,15,11,3,123,90,130,122,187,12,7,5,9,17,5,0,3,6,0,5,3,0,9,0,5,5,1
219,18,11,5,12,7,16,64,166,89,158,180,9,15,8,13,4,9,2,7,1,4,7,3,9,0,3,1,11,0
219,24,1,9,2,15,1,91,127,57,164,185,19,11,18,5,19,1,6,2,0,0,1,4,1,7,0,1,12,1
220,6,10,19,9,17,1,53,74,83,181,154,10,1,11,3,19,6,1,1,7,1,6,5,7,3,1,3,8,1
220,12,12,9,13,10,9,140,110,198,53,132,8,11,7,10,11,1,9,3,5,8,6,1,5,2,5,4,0,1
220,18,15,3,14,7,12,99,99,133,119,67,5,17,6,13,8,0,1,6,5,7,9,1,6,7,3,5,9,0
220,24,19,10,16,1,16,86,179,120,51,124,1,10,4,19,4,7,4,3,1,2,5,7,7,1,4,5,18,1
221,6,8,4,8,7,15,113,131,191,150,150,12,16,12,13,5,8,4,6,7,6,2,0,4,7,1,2,7,1
221,12,18,16,10,11,16,79,121,68,99,194,2,4,10,9,4,5,2,6,9,4,1,4,6,1,7,2,4,0
221,18,8,0,14,19,2,146,146,135,145,97,12,20,6,1,18,7,0,5,2,0,1,0,2,8,1,5,2,0
221,24,13,0,10,16,9,183,159,123,142,99,7,20,10,4,11,2,0,0,4,9,5,0,5,2,4,5,11,1
222,6,6,0,13,1,9,174,158,149,80,149,14,20,7,19,11,2,0,2,0,0,4,0,9,0,1,2,5,0
222,12,10,4,10,14,6,84,92,118,156,146,10,16,10,6,14,7,3,4,5,4,3,1,4,9,0,5,10,0
222,18,14,5,7,13,9,158,164,81,65,118,6,15,13,7,11,6,0,3,3,6,5,3,6,2,4,3,7,0
222,24,17,17,5,4,16,136,171,177,59,113,3,3,15,16,4,9,0,5,4,8,7,8,5,2,3,4,6,1
223,6,18,3,12,8,8,59,103,133,98,144,2,17,8,12,12,3,0,1,7,6,8,0,3,4,3,1,15,1
223,12,18,8,2,5,0,73,191,147,192,173,2,12,18,15,20,0,5,0,2,0,0,7,2,0,0,2,8,0
223,18,5,1,9,19,2,132,190,154,86,195,15,19,11,1,18,3,1,4,1,2,4,0,8,5,1,5,17,1
223,24,3,14,13,12,15,65,143,131,80,119,17,6,7,8,5,1,5,2,9,3,3,8,3,2,6,3,16,0
224,6,11,0,12,12,14,57,171,106,83,160,9,20,8,8,6,6,0,9,0,7,5,0,3,9,2,5,2,0
224,12,3,9,8,16,0,116,158,154,134,60,17,11,12,4,20,1,9,1,7,0,1,6,6,8,0,1,2,1
224,18,2,19,1,4,4,179,120,172,186,163,18,1,19,16,16,2,1,0,3,3,1,5,0,1,0,2,0,1
224,24,15,4,1,16,10,126,172,192,80,129,5,16,19,4,10,1,2,1,7,1,4,4,1,3,0,3,0,0
225,6,12,19,17,8,8,76,51,112,116,57,8,1,3,12,12,9,6,5,5,5,7,0,2,3,2,3,1,0
225,12,10,11,10,1,0,188,50,101,63,143,10,9,10,19,20,3,7,4,1,0,0,4,5,0,0,4,8,1
225,18,3,18,9,3,13,112,121,149,188,188,17,2,11,17,7,1,0,7,0,4,3,7,8,0,0,5,14,0
225,24,11,15,13,3,5,55,165,186,158,65,9,5,7,17,15,0,5,4,0,0,0,5,1,1,2,1,11,0
226,6,9,17,4,3,19,189,60,185,146,106,11,3,16,17,1,7,0,1,0,0,5,3,2,3,3,4,1,1
226,12,14,1,7,1,12,54,64,115,81,76,6,19,13,19,8,1,0,1,1,4,3,1,1,1,4,2,19,0
226,18,4,12,4,7,6,140,146,102,121,187,16,8,16,13,14,3,0,4,0,5,4,4,2,5,2,4,12,1
226,24,0,2,19,4,3,195,109,59,196,130,20,18,1,16,17,0,1,3,0,3,0,0,4,2,2,2,1,0
227,6,13,0,16,9,12,162,111,52,193,129,7,20,4,11,8,8,0,9,2,2,6,0,7,9,9,5,17,0
227,12,2,16,2,19,15,113,72,50,122,165,18,4,18,1,5,2,5,2,3,0,1,3,1,0,3,3,8,0
227,18,3,16,13,1,12,198,169,70,159,168,17,4,7,19,8,1,8,9,0,9,1,0,4,1,8,5,7,1
227,24,12,8,6,4,2,95,82,165,194,172,8,12,14,16,18,5,1,4,1,1,7,0,4,4,0,4,5,1
228,6,5,2,11,12,2,60,180,59,115,117,15,18,9,8,18,1,0,8,5,1,4,1,2,3,2,5,4,1
228,12,12,1,16,5,13,162,85,151,144,84,8,19,4,15,7,7,0,7,4,8,9,1,1,4,7,3,4,0
228,18,12,16,10,15,5,145,116,59,152,132,8,4,10,5,15,3,0,6,9,4,0,8,0,3,3,4,14,1
228,24,7,11,18,14,7,61,166,82,150,193,13,9,2,6,13,7,5,7,7,1,6,4,2,6,1,5,1,0
229,6,15,19,6,0,15,76,182,156,99,110,5,1,14,20,5,8,3,6,0,3,2,2,1,0,6,3,2,0
229,12,0,10,10,12,1,159,151,159,115,50,20,10,10,8,19,0,9,0,6,1,0,9,3,4,0,5,0,1
229,18,8,17,9,8,6,64,113,116,153,81,12,3,11,12,14,4,4,5,7,4,7,8,2,0,1,5,9,0
229,24,1,3,8,8,15,151,185,70,145,131,19,17,12,12,5,0,0,2,5,6,0,2,3,3,0,1,3,1
230,6,11,11,2,19,19,194,140,102,113,67,9,9,18,1,1,2,3,0,0,6,6,1,0,1,8,3,13,0
230,12,6,11,0,18,14,176,77,182,105,173,14,9,20,2,6,5,3,0,4,7,2,9,0,8,6,5,9,1
230,18,2,16,16,16,5,199,110,143,174,184,18,4,4,4,15,0,4,4,3,2,0,2,6,2,2,1,5,0
230,24,7,6,7,17,9,85,161,73,56,63,13,14,13,3,11,5,2,1,9,1,2,6,3,3,7,1,14,1
231,6,8,0,2,9,4,181,156,101,138,104,12,20,18,11,16,6,0,0,6,4,1,0,0,8,3,3,15,1
231,12,14,4,17,14,17,159,67,134,130,180,6,16,3,6,3,9,4,0,0,4,7,2,2,1,8,5,2,0
231,18,7,0,2,13,5,96,104,125,107,52,13,20,18,7,15,6,0,2,5,0,2,0,1,0,3,3,6,1
231,24,4,19,9,6,14,190,128,90,128,177,16,1,11,14,6,3,2,9,2,6,2,2,6,2,1,3,7,1
232,6,16,11,9,1,19,107,92,121,199,129,4,9,11,19,1,9,0,7,0,8,6,5,1,1,3,4,6,1
232,12,13,3,0,5,4,78,115,91,189,71,7,17,20,15,16,4,3,0,5,0,8,3,0,2,1,4,2,0
232,18,1,0,3,12,13,187,187,62,127,110,19,20,17,8,7,0,0,0,7,7,1,0,3,0,9,3,12,0
232,24,7,18,0,18,11,168,193,143,101,59,13,2,20,2,9,5,8,0,8,3,1,0,0,1,9,1,7,1
233,6,9,7,19,2,17,166,79,127,156,105,11,13,1,18,3,7,7,5,1,3,5,0,9,0,5,1,1,1
233,12,7,19,13,16,10,85,59,158,165,81,13,1,7,4,10,5,0,0,4,8,7,1,2,4,5,2,7,1
233,18,2,13,18,4,11,173,191,176,160,182,18,7,2,16,9,1,0,7,4,0,0,4,1,1,8,4,3,1
233,24,9,18,1,6,6,147,189,59,83,61,11,2,19,14,14,0,4,1,3,5,6,9,0,3,2,2,7,1
234,6,4,0,11,5,4,122,142,131,178,177,16,20,9,15,16,3,0,3,2,3,0,0,9,4,2,1,4,1
234,12,2,7,7,4,14,130,64,160,160,93,18,13,13,16,6,1,7,5,4,9,2,2,7,3,4,5,13,0
234,18,10,18,13,1,2,155,120,115,67,116,10,2,7,19,18,5,2,2,0,1,0,2,1,1,2,1,11,1
234,24,3,10,5,14,5,52,102,184,181,121,17,10,15,6,15,2,5,1,0,3,0,7,0,2,1,1,10,1
235,6,14,0,2,18,16,177,115,180,71,105,6,20,18,2,4,8,0,2,6,9,5,0,1,3,0,3,17,1
235,12,3,9,4,17,11,81,75,64,179,164,17,11,16,3,9,0,5,2,7,9,3,8,3,4,1,1,5,1
235,18,15,17,13,5,12,197,189,128,140,84,5,3,7,15,8,0,4,2,1,0,1,1,5,4,4,4,14,0
235,24,13,2,14,14,10,90,103,197,171,194,7,18,6,6,10,7,1,1,3,7,5,2,9,6,3,1,2,0
236,6,6,19,2,4,7,178,107,154,159,56,14,1,18,16,13,3,2,2,4,6,5,4,0,2,5,5,17,0
236,12,11,15,7,0,0,97,59,87,172,132,9,5,13,20,20,4,1,1,0,0,7,4,6,0,0,3,10,1
236,18,19,2,2,2,19,178,83,56,145,58,1,18,18,18,1,5,0,1,0,5,4,2,1,0,9,5,7,1
236,24,17,11,9,0,5,60,61,133,190,191,3,9,11,20,15,4,0,4,0,5,5,7,4,0,0,4,18,1
237,6,2,15,6,2,16,51,97,62,56,123,18,5,14,18,4,0,7,4,0,2,1,0,0,2,7,2,6,0
237,12,1,14,1,12,6,108,73,97,192,86,19,6,19,8,14,0,4,0,6,0,1,6,1,0,4,3,19,1
237,18,7,18,18,8,17,86,83,50,136,173,13,2,2,12,3,0,5,8,2,5,7,7,7,3,0,3,12,1
237,24,7,4,15,2,2,52,199,199,160,191,13,16,5,18,18,7,2,3,2,2,4,0,3,1,0,1,5,0
238,6,6,12,0,9,0,166,53,83,129,98,14,8,20,11,20,3,9,0,5,0,2,1,0,7,0,2,14,1
238,12,11,14,2,1,14,129,134,86,106,174,9,6,18,19,6,7,1,0,1,0,3,4,2,0,2,3,7,1
238,18,2,13,14,11,9,159,152,152,110,161,18,7,6,9,11,1,2,5,3,6,1,5,2,4,3,4,3,1
238,24,12,2,7,11,6,84,167,117,98,59,8,18,13,9,14,0,2,3,0,4,7,0,6,0,3,2,9,0
239,6,7,14,17,2,11,171,127,186,74,90,13,6,3,18,9,2,2,5,2,7,7,2,6,1,9,2,1,0
239,12,14,8,0,13,13,58,87,183,127,95,6,12,20,7,7,0,6,0,0,6,0,7,0,5,2,2,4,0
239,18,0,4,1,8,14,140,181,62,67,56,20,16,19,12,6,0,1,1,5,7,0,2,1,5,7,4,1,1
239,24,8,13,11,17,18,98,109,163,194,148,12,7,9,3,2,3,8,2,5,2,0,1,3,1,6,1,4,1
240,6,2,17,7,11,7,112,198,133,92,76,18,3,13,9,13,0,5,4,1,6,0,3,3,0,1,4,19,0
240,12,18,17,9,17,2,95,114,146,54,152,2,3,11,3,18,9,5,8,8,1,2,9,9,9,1,2,10,0
240,18,11,8,8,1,7,162,187,177,192,69,9,12,12,19,13,4,7,2,1,4,5,7,6,1,2,2,3,0
240,24,10,15,12,3,8,107,50,76,184,62,10,5,8,17,12,3,2,4,1,0,4,9,4,2,0,4,16,1
241,6,15,14,1,16,18,60,66,121,149,79,5,6,19,4,2,3,0,0,7,3,7,2,0,5,3,3,18,0
241,12,3,9,0,1,3,68,160,199,141,144,17,11,20,19,17,2,5,0,0,0,1,7,0,0,1,1,5,0
241,18,11,1,18,5,2,155,122,116,160,139,9,19,2,15,18,3,1,4,2,1,0,0,2,5,2,4,6,1
241,24,5,8,11,7,15,179,145,192,134,85,15,12,9,13,5,5,5,3,4,0,2,0,5,3,5,2,17,1
242,6,0,10,1,10,15,50,195,163,105,91,20,10,19,10,5,0,4,1,5,4,0,2,0,8,2,5,13,0
242,12,13,6,14,16,8,95,84,58,60,171,7,14,6,4,12,0,1,9,5,8,6,0,4,8,2,3,10,1
242,18,9,2,8,8,2,99,164,54,92,150,11,18,12,12,18,4,2,1,1,0,7,1,0,8,1,1,3,0
242,24,13,1,7,3,12,65,105,188,64,173,7,19,13,17,8,4,1,5,0,2,9,0,1,0,4,3,1,0
243,6,15,2,0,4,6,174,104,156,98,139,5,18,20,16,14,0,2,0,1,3,4,2,0,3,6,3,19,0
243,12,11,17,12,0,6,159,129,173,50,172,9,3,8,20,14,9,7,4,0,0,1,0,7,0,0,3,7,1
243,18,4,10,18,16,10,168,180,83,83,139,16,10,2,4,10,4,1,0,4,1,2,2,8,0,8,1,2,1
243,24,19,11,1,9,8,61,70,161,177,167,1,9,19,11,12,0,1,0,6,7,3,7,1,3,2,4,12,1
244,6,4,7,14,2,6,81,78,116,159,181,16,13,6,18,14,1,2,7,1,5,0,5,0,0,4,4,16,1
244,12,16,0,3,1,6,197,101,173,94,111,4,20,17,19,14,6,0,0,0,3,4,0,3,1,1,4,3,1
244,18,10,11,14,13,13,66,152,67,122,187,10,9,6,7,7,7,9,3,0,0,0,2,7,2,9,2,5,0
244,24,18,9,1,7,6,90,170,189,76,57,2,11,19,13,14,2,9,1,6,4,5,4,1,1,4,3,15,1
245,6,16,4,16,17,4,137,192,164,187,185,4,16,4,3,16,8,4,0,1,0,4,3,0,1,1,3,11,1
245,12,5,15,2,10,8,188,148,171,87,71,15,5,18,10,12,1,8,0,9,4,3,5,1,8,5,1,12,0
245,18,8,9,7,1,3,109,102,60,154,183,12,11,13,19,17,7,8,2,0,2,3,2,1,0,0,4,19,0
245,24,7,17,9,13,14,181,117,83,189,167,13,3,11,7,6,7,9,2,1,5,4,4,2,0,6,2,12,1
246,6,19,13,13,9,9,108,130,128,172,168,1,7,7,11,11,6,0,0,9,2,1,8,9,7,8,5,13,0
246,12,19,5,18,1,10,90,195,174,131,117,1,15,2,19,10,3,2,7,1,8,6,4,4,0,6,1,7,1
246,18,17,10,15,3,10,101,70,120,128,149,3,10,5,17,10,1,1,8,3,8,4,1,8,1,6,4,7,0
246,24,3,6,17,0,15,111,83,172,54,184,17,14,3,20,5,0,1,1,0,1,2,1,3,0,3,4,13,1
247,6,6,13,13,2,8,174,114,73,80,169,14,7,7,18,12,1,6,9,0,8,2,0,2,1,8,1,18,1
247,12,16,8,8,3,19,135,107,136,83,64,4,12,12,17,1,6,8,3,2,2,2,8,6,0,7,3,4,1
247,18,18,16,15,12,6,50,95,100,133,93,2,4,5,8,14,3,3,2,9,1,6,9,5,4,1,2,19,0
247,24,19,12,10,15,7,73,131,137,126,109,1,8,10,5,13,4,9,9,6,7,8,2,8,4,5,2,15,0
248,6,17,12,9,7,15,65,142,97,122,168,3,8,11,13,5,1,5,8,6,8,6,4,8,0,7,4,6,1
248,12,9,3,19,9,12,115,58,114,110,91,11,17,1,11,8,5,2,6,1,3,9,1,7,0,7,2,4,1
248,18,2,7,3,4,4,58,80,61,78,164,18,13,17,16,16,1,1,2,2,0,0,6,1,1,2,5,7,1
248,24,4,12,9,5,12,173,179,162,81,86,16,8,11,15,8,1,7,2,2,3,4,8,3,5,7,2,18,1
249,6,17,15,12,1,8,121,110,113,103,169,3,5,8,19,12,9,8,3,1,4,2,8,0,1,1,3,4,1
249,12,10,6,7,3,1,168,181,52,137,105,10,14,13,17,19,8,6,7,2,0,4,4,4,0,1,3,4,0
249,18,17,19,9,0,1,154,87,135,60,179,3,1,11,20,19,8,4,0,0,0,6,9,4,0,1,2,14,1
249,24,12,15,12,9,18,61,143,130,169,185,8,5,8,11,2,9,9,7,6,4,2,6,6,0,5,2,9,1
250,6,9,1,15,12,15,168,119,153,158,79,11,19,5,8,5,2,1,5,5,8,7,0,4,5,5,3,8,0
250,12,16,19,7,10,14,173,111,98,148,82,4,1,13,10,6,1,6,5,1,5,0,1,2,4,0,1,15,0
250,18,17,12,19,4,10,89,100,65,95,153,3,8,1,16,10,0,8,9,0,8,6,4,3,4,2,5,6,1
250,24,8,3,7,11,10,53,85,149,187,80,12,17,13,9,10,6,1,3,6,2,5,3,6,5,2,1,5,1
