date,time,num_patients,news_score,more_patients,num_patients_admitted
1,6,54,0.6058378391699097,0,18
1,12,59,0.9677363942255978,1,51
1,18,74,0.21276963663624537,1,40
1,24,9,0.7175025314129686,0,0
2,6,26,0.3884620682111376,1,2
2,12,9,0.3362198060283518,0,7
2,18,74,0.8611727467844632,1,40
2,24,6,0.45231029962708036,0,0
3,6,95,0.35307747494108677,1,27
3,12,8,0.5505398019390417,0,1
3,18,8,0.6953128779812585,0,3
3,24,91,0.7146225675839263,1,76
4,6,28,0.7694911841087871,0,9
4,12,82,0.7150293258366979,1,51
4,18,63,0.6197190993939171,0,11
4,24,71,0.21415065218197615,1,3
5,6,40,0.8845591820516353,0,32
5,12,76,0.5089918770083943,1,30
5,18,58,0.2663856366075228,0,33
5,24,37,0.8033529603904629,0,19
6,6,68,0.39278892034821433,1,32
6,12,29,0.3519086066453837,0,12
6,18,65,0.46704216969398293,1,52
6,24,89,0.9386301432396273,1,74
7,6,80,0.9926857909972564,0,50
7,12,84,0.31556188964939735,1,52
7,18,0,0.24833546247049643,0,0
7,24,57,0.3685394483020972,1,43
8,6,27,0.940965170897983,0,12
8,12,97,0.979451935309627,1,49
8,18,33,0.09400863833202489,0,29
8,24,5,0.6821816324094713,0,5
9,6,35,0.7174899697135276,1,8
9,12,56,0.44333043103913283,1,28
9,18,57,0.08761508748835611,1,11
9,24,93,0.8054671499454864,1,92
10,6,77,0.07357526802048742,0,13
10,12,86,0.9283151836156374,1,84
10,18,1,0.26784067459796435,0,0
10,24,42,0.4815256740875433,1,8
11,6,43,0.11166087608731301,1,11
11,12,4,0.23573540964852957,0,1
11,18,30,0.7935648283660242,1,22
11,24,22,0.5516706183729513,0,12
12,6,25,0.16671304536511777,1,17
12,12,49,0.6323651214314912,1,5
12,18,90,0.2026489340412706,1,19
12,24,58,0.9081217067433135,0,46
13,6,9,0.17728350524802516,0,8
13,12,3,0.00965668000195008,0,1
13,18,47,0.2023725838178042,1,12
13,24,25,0.23015659450503334,0,6
14,6,95,0.5805296316713883,1,75
14,12,42,0.8308094344734892,0,39
14,18,42,0.4232028235660493,0,1
14,24,4,0.9770381465621222,0,0
15,6,96,0.6210980766508473,1,34
15,12,14,0.41472053326267755,0,13
15,18,33,0.7375298798121792,1,11
15,24,29,0.012730367815255605,0,29
16,6,88,0.48689690828841803,1,42
16,12,42,0.000203212261159047,0,5
16,18,54,0.5002418547733914,1,31
16,24,27,0.6749193630097481,0,21
17,6,74,0.6994127783627343,1,74
17,12,94,0.1774273729715936,1,79
17,18,20,0.29416069968092917,0,9
17,24,10,0.5706010635106125,0,3
18,6,65,0.7819737610260314,1,44
18,12,51,0.3234831537296723,0,27
18,18,61,0.9351219183397843,1,50
18,24,3,0.49068062565619697,0,3
19,6,88,0.22669458452165225,1,66
19,12,96,0.12145353484016852,1,55
19,18,93,0.15862472593160803,0,57
19,24,44,0.3742073246841976,0,27
20,6,5,0.5611647553946669,0,2
20,12,69,0.13943220964253822,1,57
20,18,51,0.9383940931071592,0,24
20,24,24,0.2988772976132328,0,20
21,6,84,0.8039761869993642,1,38
21,12,48,0.24660016451259392,0,46
21,18,0,0.6940227659446376,0,0
21,24,40,0.7514917466394889,1,4
22,6,15,0.7759595845235936,0,4
22,12,21,0.34508682799156654,1,14
22,18,2,0.4768415104388922,0,2
22,24,75,0.11956141017391686,1,28
23,6,74,0.11967309422191552,0,15
23,12,47,0.27632900593506093,0,38
23,18,32,0.09774340455341313,0,14
23,24,15,0.23017514822223994,0,8
24,6,62,0.4408845779430959,1,5
24,12,71,0.8391253788616008,1,38
24,18,87,0.4052463618628519,1,36
24,24,80,0.5033108473510082,0,4
25,6,74,0.1034265004361331,0,31
25,12,77,0.1718500328794177,1,9
25,18,53,0.6904179969702511,0,48
25,24,83,0.6077097324913469,1,33
26,6,49,0.30045048633562876,0,38
26,12,83,0.8728708332387887,1,56
26,18,91,0.28948529504442566,1,28
26,24,85,0.4430605003845727,0,53
27,6,88,0.005855519624078154,1,77
27,12,83,0.39137620093661085,0,26
27,18,31,0.11292396760980061,0,16
27,24,96,0.7348642377571916,1,33
28,6,82,0.9993103451640827,0,26
28,12,29,0.1817619942083225,0,1
28,18,44,0.5232082118205343,1,21
28,24,27,0.284330804709909,0,23
29,6,33,0.11092659070806266,1,12
29,12,62,0.06734929154733615,1,11
29,18,91,0.15681979204704355,1,10
29,24,34,0.05218846920542697,0,25
30,6,79,0.8912254519940053,1,47
30,12,95,0.7831828074844099,1,48
30,18,57,0.6317517552400875,0,12
30,24,26,0.9544894007395847,0,0
31,6,23,0.5672908033032024,0,18
31,12,65,0.5352556134581128,1,29
31,18,17,0.06985048949093697,0,4
31,24,64,0.12929215426861695,1,64
32,6,52,0.43757757259453267,0,0
32,12,41,0.2556886186726478,0,11
32,18,39,0.8630946617330705,0,16
32,24,71,0.5538158065309493,1,34
33,6,76,0.8152701272435143,1,50
33,12,98,0.39037478127653324,1,27
33,18,40,0.7422576732291444,0,36
33,24,87,0.33987966852346907,1,47
34,6,19,0.7707254393668617,0,8
34,12,48,0.6714250214553426,1,12
34,18,83,0.6050645637948163,1,58
34,24,26,0.6051123393886313,0,4
35,6,29,0.7174444952228738,1,25
35,12,40,0.78612833310008,1,36
35,18,97,0.7090121453874424,1,92
35,24,2,0.5444975712418045,0,1
36,6,95,0.8703346324761002,1,14
36,12,33,0.3237614049312819,0,23
36,18,0,0.9376626971900748,0,0
36,24,51,0.3528969000121456,1,46
37,6,98,0.8001231487045867,1,69
37,12,29,0.1825744758508604,0,10
37,18,52,0.633682569226527,1,37
37,24,20,0.22781189587669015,0,20
38,6,96,0.057009981958335065,1,15
38,12,11,0.12862116354474695,0,9
38,18,7,0.8606934725043651,0,3
38,24,28,0.41843600393848623,1,17
39,6,77,0.02395018747615274,1,73
39,12,22,0.3022178974045001,0,3
39,18,0,0.7776405884992095,0,0
39,24,51,0.3755547319346464,1,12
40,6,33,0.5730962097265812,0,2
40,12,78,0.8615305914108251,1,32
40,18,34,0.5084630377713724,0,32
40,24,27,0.9474479737611641,0,6
41,6,5,0.08641439721214128,0,4
41,12,38,0.23259341252021803,1,11
41,18,77,0.30419740937074635,1,8
41,24,35,0.0517185378497943,0,28
42,6,82,0.2633486039241779,1,21
42,12,31,0.5247248341924261,0,23
42,18,70,0.7364533337262954,1,25
42,24,98,0.2741570260336642,1,57
43,6,98,0.08539141527106808,0,65
43,12,16,0.6928511098959393,0,16
43,18,23,0.21700077701861697,1,19
43,24,29,0.34690314789680965,1,7
44,6,84,0.6490338417072542,1,71
44,12,55,0.855804170319041,0,10
44,18,13,0.2494119867847049,0,2
44,24,91,0.7435608584644697,1,78
45,6,78,0.15080616931324942,0,8
45,12,57,0.7080994080765596,0,3
45,18,82,0.5140107412353194,1,63
45,24,26,0.09910739058615592,0,25
46,6,76,0.6899388714488753,1,44
46,12,62,0.10918304646636812,0,26
46,18,65,0.005477072602439126,1,11
46,24,53,0.6567951136867558,0,5
47,6,25,0.5022838090605641,0,17
47,12,28,0.9753455335141472,1,17
47,18,34,0.9629650742516491,1,0
47,24,29,0.15065907662541256,0,27
48,6,34,0.8083845207378839,1,15
48,12,18,0.4704015715314316,0,5
48,18,1,0.2538726252675143,0,1
48,24,27,0.15452370911566293,1,5
49,6,0,0.46488917205884395,0,0
49,12,41,0.9751140430641915,1,27
49,18,38,0.7315243179221922,0,10
49,24,31,0.9404830135600675,0,19
50,6,47,0.23784897230568836,1,37
50,12,73,0.7297561539765698,1,57
50,18,46,0.6154147224975691,0,21
50,24,47,0.15900769411948434,1,45
51,6,13,0.4960451591983074,0,10
51,12,2,0.6041406433902492,0,1
51,18,24,0.15753272492061443,1,2
51,24,83,0.143992551564611,1,38
52,6,30,0.7052050998697595,0,16
52,12,79,0.35518778484062485,1,76
52,18,40,0.24319709403007517,0,18
52,24,88,0.5669440667721234,1,55
53,6,79,0.6751512969360085,0,11
53,12,77,0.5042897988028785,0,44
53,18,21,0.890684453732141,0,11
53,24,62,0.36604794435828636,1,46
54,6,24,0.5168857319280445,0,24
54,12,67,0.7202507478328225,1,16
54,18,93,0.745915976270833,1,27
54,24,27,0.32142092155489166,0,13
55,6,58,0.27314006104413313,1,36
55,12,13,0.029597350489369068,0,8
55,18,6,0.15855088533655548,0,2
55,24,67,0.9713981524657366,1,35
56,6,85,0.18791047299319286,1,67
56,12,77,0.22534808945478935,0,6
56,18,83,0.8808844475053701,1,63
56,24,82,0.9503572416286584,0,42
57,6,32,0.45483722170724805,0,16
57,12,41,0.053172075673324604,1,16
57,18,59,0.44049636445147167,1,1
57,24,7,0.7396696742011653,0,2
58,6,10,0.5925669118209715,1,0
58,12,47,0.8954528915659254,1,6
58,18,52,0.83273855267569,1,23
58,24,11,0.029714445891206087,0,2
59,6,21,0.19746715016431537,1,1
59,12,65,0.24817205502901551,1,60
59,18,78,0.5600178177495936,1,55
59,24,27,0.6434136288133087,0,4
60,6,64,0.7225291943208647,1,19
60,12,36,0.3746405089420628,0,31
60,18,63,0.5506372297061777,1,60
60,24,35,0.8600467610603467,0,14
61,6,84,0.7454879330345974,1,75
61,12,49,0.5865680427459231,0,3
61,18,1,0.18075622415985104,0,0
61,24,41,0.8161118908214009,1,23
62,6,33,0.0243540241104242,0,5
62,12,31,0.8420400873249749,0,10
62,18,42,0.274413144104504,1,30
62,24,30,0.9179193591744053,0,18
63,6,29,0.05132884580565311,0,29
63,12,16,0.7727129034954899,0,3
63,18,69,0.4863567124624105,1,1
63,24,50,0.1439208336485821,0,4
64,6,42,0.3894098296804439,0,22
64,12,25,0.5482753886116949,0,2
64,18,26,0.9474126599394682,1,23
64,24,6,0.2921417356650774,0,2
65,6,13,0.5984018837113437,1,12
65,12,15,0.08824765122040779,1,8
65,18,59,0.7099606772900442,1,23
65,24,29,0.8035798003423116,0,7
66,6,34,0.11316029864215349,1,2
66,12,56,0.928879074559054,1,47
66,18,62,0.4431253913336196,1,57
66,24,83,0.7549730023197858,1,74
67,6,28,0.09004443131185647,0,27
67,12,33,0.09133665476835273,1,22
67,18,13,0.7508990764077375,0,10
67,24,50,0.40779559070913796,1,47
68,6,46,0.4131805620495257,0,8
68,12,97,0.26645617113378806,1,21
68,18,69,0.5708881481333753,0,27
68,24,66,0.25040211709081406,0,24
69,6,84,0.4819867628801886,1,50
69,12,75,0.52427951261136,0,6
69,18,75,0.23789163528608603,0,12
69,24,30,0.02327322789295272,0,26
70,6,50,0.24071627517114014,1,2
70,12,60,0.5554173700164967,1,15
70,18,20,0.32650270936535075,0,16
70,24,1,0.8866868933529923,0,0
71,6,16,0.9910853752663165,1,6
71,12,39,0.4307418449629862,1,10
71,18,31,0.025470244310470624,0,20
71,24,7,0.7970164899470934,0,6
72,6,32,0.2627954051559007,1,26
72,12,46,0.18500644439801572,1,22
72,18,92,0.47468698977748913,1,15
72,24,21,0.30475648142760814,0,16
73,6,29,0.7509890394792007,1,26
73,12,13,0.6094951816646281,0,10
73,18,80,0.6948040517953925,1,55
73,24,28,0.797831949076767,0,3
74,6,53,0.18627957179134624,1,51
74,12,61,0.01768524102411806,1,26
74,18,1,0.20515900022786437,0,0
74,24,10,0.07516353991395541,1,3
75,6,46,0.3643928800546534,1,30
75,12,7,0.2655598841895338,0,0
75,18,61,0.07157673077330584,1,48
75,24,32,0.47519712726859764,0,27
76,6,35,0.44982005625816057,1,10
76,12,58,0.20625322598369988,1,20
76,18,82,0.9906448731990087,1,69
76,24,18,0.7893824590018991,0,18
77,6,73,0.8035895982762075,1,47
77,12,81,0.7730444848983401,1,75
77,18,24,0.7727165894277217,0,16
77,24,98,0.6563462476689945,1,7
78,6,63,0.5091713083572578,0,11
78,12,26,0.9723270010227957,0,15
78,18,36,0.5868767764259367,1,10
78,24,48,0.644803350824964,1,25
79,6,24,0.6133514533457607,0,7
79,12,15,0.5027670132736205,0,7
79,18,3,0.4451211624091702,0,2
79,24,56,0.8785825798278198,1,45
80,6,12,0.9885208529396543,0,4
80,12,13,0.10998072792612101,1,10
80,18,79,0.8838461198017422,1,55
80,24,6,0.08097703861958028,0,3
81,6,69,0.25714444741105935,1,4
81,12,61,0.5762057556026584,0,36
81,18,31,0.4039330730491617,0,31
81,24,53,0.014839037635820396,1,4
82,6,42,0.18250798309219196,0,26
82,12,81,0.3238725249686448,1,76
82,18,21,0.7945926949302248,0,4
82,24,63,0.2963448080155755,1,11
83,6,97,0.1752479047131793,1,6
83,12,3,0.3174788261771292,0,0
83,18,8,0.47714134120868446,1,7
83,24,55,0.6247690095578335,1,16
84,6,87,0.950684667458262,1,87
84,12,49,0.2004845916938136,0,11
84,18,20,0.49655921354742305,0,17
84,24,61,0.010693303691840739,1,31
85,6,12,0.10719782678409251,0,0
85,12,46,0.649405454991823,1,21
85,18,79,0.053822159639344114,1,67
85,24,31,0.1938035537636622,0,24
86,6,38,0.42947495838173155,1,21
86,12,94,0.4474252826920929,1,74
86,18,37,0.12306845211237494,0,24
86,24,43,0.6132080563405007,1,26
87,6,66,0.09695476046060314,1,10
87,12,13,0.046444422374879224,0,11
87,18,85,0.923078544987809,1,84
87,24,69,0.8331471657725598,0,26
88,6,68,0.7452471216883558,0,2
88,12,28,0.14832683516812617,0,8
88,18,30,0.49206382431134577,1,3
88,24,68,0.16412830643812315,1,21
89,6,23,0.6143601445199389,0,11
89,12,12,0.21558016804953695,0,5
89,18,28,0.5959419606944826,1,13
89,24,91,0.03830949774235237,1,63
90,6,16,0.061872820301333786,0,12
90,12,84,0.9251799052558909,1,5
90,18,65,0.6644929054250901,0,36
90,24,62,0.6865797974815997,0,22
91,6,58,0.43375137633388294,0,56
91,12,63,0.8565384279841592,1,57
91,18,21,0.581843756229006,0,11
91,24,74,0.10577469679663454,1,27
92,6,62,0.27768116319681313,0,16
92,12,83,0.7930976786407085,1,48
92,18,23,0.09968586180733774,0,5
92,24,61,0.5466077678071323,1,53
93,6,48,0.9785386943873462,0,34
93,12,43,0.7858335866529914,0,18
93,18,50,0.6553371346532573,1,26
93,24,60,0.0056095501641817425,1,36
94,6,16,0.4567886084806363,0,15
94,12,85,0.5546004599948062,1,76
94,18,83,0.8654034232208823,0,2
94,24,6,0.5267861421211137,0,1
95,6,66,0.1805432132034519,1,17
95,12,60,0.5256683469833145,0,45
95,18,27,0.04519428907633605,0,17
95,24,71,0.679576273302504,1,23
96,6,5,0.22595695970637275,0,2
96,12,65,0.9309172967793695,1,60
96,18,35,0.5688951666269781,0,32
96,24,71,0.2752601809166668,1,14
97,6,45,0.4232727806471397,0,30
97,12,82,0.920832278668725,1,44
97,18,85,0.4888539862947682,1,6
97,24,66,0.3870886388644863,0,3
98,6,61,0.3454542854287759,0,36
98,12,1,0.16019784658204872,0,1
98,18,36,0.0030358720638492542,1,28
98,24,97,0.9011743041627066,1,51
99,6,33,0.24268693444423473,0,3
99,12,43,0.1885752247792316,1,31
99,18,37,0.4664503285275069,0,19
99,24,73,0.9600320942282359,1,14
100,6,99,0.1786394566382029,1,46
100,12,91,0.703606110872424,0,71
100,18,68,0.7604628381735355,0,25
100,24,8,0.062056231873665935,0,8
101,6,88,0.12174177865940361,1,51
101,12,58,0.3565897696290661,0,34
101,18,20,0.23030455093652558,0,11
101,24,34,0.8201213587227646,1,2
102,6,77,0.027569145681708762,1,22
102,12,48,0.4576625964074035,0,2
102,18,14,0.024159374660440935,0,9
102,24,30,0.4832862178517786,1,15
103,6,35,0.2635760419848808,1,32
103,12,85,0.17344501602089268,1,83
103,18,14,0.37560552843906425,0,0
103,24,82,0.4391352849566351,1,8
104,6,25,0.7786486092770435,0,17
104,12,69,0.6283505476861599,1,6
104,18,3,0.928270164931473,0,2
104,24,77,0.28947744165036327,1,44
105,6,35,0.9568059402815011,0,13
105,12,37,0.21091371262006597,1,6
105,18,68,0.2611619852667191,1,10
105,24,45,0.7791597395141183,0,17
106,6,58,0.9316152793554717,1,12
106,12,74,0.9607593040015672,1,36
106,18,34,0.7390057984720071,0,31
106,24,54,0.7666415984896601,1,21
107,6,20,0.670423993891801,0,8
107,12,27,0.856904587467364,1,21
107,18,3,0.3770844745038874,0,3
107,24,7,0.1566058991477416,1,2
108,6,85,0.4481763768118313,1,4
108,12,72,0.9668841103020687,0,31
108,18,35,0.22329400592941373,0,17
108,24,64,0.7994157057676782,1,8
109,6,12,0.3359756807653007,0,8
109,12,17,0.9035249729176849,1,16
109,18,7,0.2099862085036105,0,5
109,24,3,0.6813311152725606,0,1
110,6,12,0.5173251502643944,1,10
110,12,44,0.5510212656522661,1,26
110,18,98,0.17891248415104022,1,17
110,24,64,0.22344007309642688,0,58
111,6,33,0.8932517521302001,0,28
111,12,85,0.003987698766711234,1,24
111,18,59,0.45325820169228304,0,9
111,24,43,0.7633289370501389,0,14
112,6,41,0.12020692323589033,0,14
112,12,28,0.4180240549657068,0,12
112,18,33,0.7168876805647677,1,3
112,24,84,0.16332818284482875,1,17
113,6,36,0.9034810217892728,0,10
113,12,95,0.5550838481127874,1,59
113,18,37,0.5545906798712601,0,35
113,24,91,0.1397964626085294,1,48
114,6,31,0.8320795669671148,0,14
114,12,10,0.7121160447914935,0,10
114,18,89,0.2913061395048214,1,77
114,24,48,0.6776136920805927,0,47
115,6,35,0.9819904629728777,0,17
115,12,74,0.003204699451654136,1,58
115,18,65,0.421949115555289,0,52
115,24,8,0.7612191993918537,0,6
116,6,94,0.7926026125691351,1,50
116,12,44,0.9957662169975035,0,29
116,18,39,0.6363629349857872,0,2
116,24,28,0.10299892619375473,0,12
117,6,89,0.35380517781071286,1,2
117,12,90,0.008383153536479782,1,11
117,18,68,0.2909414660847873,0,46
117,24,79,0.3932455178751688,1,66
118,6,71,0.9754017218132893,0,63
118,12,52,0.14810578044895495,0,4
118,18,56,0.5093376840548121,1,56
118,24,21,0.006643905527485061,0,2
119,6,27,0.49273899477721905,1,22
119,12,89,0.9442766204931151,1,47
119,18,34,0.9469676089676574,0,33
119,24,83,0.5375152351043689,1,78
120,6,49,0.8200130249805206,0,19
120,12,92,0.929553637910717,1,43
120,18,13,0.6162934799093565,0,4
120,24,64,0.8230487248063489,1,63
121,6,65,0.011445830788590294,1,32
121,12,58,0.9124025826345766,0,23
121,18,67,0.13537027589999717,1,24
121,24,28,0.34296161370784606,0,2
122,6,44,0.40231690040482593,1,26
122,12,72,0.19461393921059944,1,24
122,18,41,0.9914148532395122,0,5
122,24,79,0.31016420014244506,1,24
123,6,48,0.2229722701696112,0,2
123,12,89,0.5403608573650895,1,27
123,18,75,0.31499087303320894,0,50
123,24,96,0.210554366012783,1,30
124,6,80,0.8047892172134417,0,16
124,12,77,0.05953047797240307,0,76
124,18,29,0.7856676033164727,0,4
124,24,36,0.23979984655958897,1,31
125,6,88,0.1691742287158181,1,20
125,12,59,0.160397766684917,0,52
125,18,49,0.3581191092317132,0,5
125,24,88,0.03714851899799465,1,6
126,6,42,0.7397802463621912,0,8
126,12,30,0.7713428641596674,0,23
126,18,89,0.27570515760397096,1,46
126,24,2,0.19299847160650274,0,2
127,6,13,0.10462236217722898,1,12
127,12,55,0.5934213084968205,1,54
127,18,31,0.12254447759356957,0,16
127,24,23,0.1033958036286351,0,10
128,6,0,0.5715021798650929,0,0
128,12,87,0.7208056682252706,1,66
128,18,78,0.5709901480637407,0,70
128,24,7,0.6125704372139676,0,3
129,6,62,0.7340857090861791,1,54
129,12,66,0.8502676249244434,1,27
129,18,74,0.08915596237105938,1,7
129,24,23,0.7721114500813335,0,12
130,6,37,0.06658177629475726,1,36
130,12,97,0.3284797610129654,1,31
130,18,46,0.3408503762165652,0,22
130,24,98,0.49192384839785375,1,85
131,6,63,0.04249881454902882,0,22
131,12,24,0.08009076179775365,0,9
131,18,6,0.7676685111486717,0,3
131,24,45,0.725083392645868,1,22
132,6,63,0.03475144738568636,1,41
132,12,91,0.507015576165188,1,68
132,18,15,0.3017203884273616,0,13
132,24,37,0.4018398676426216,1,14
133,6,88,0.11774666512290721,1,32
133,12,72,0.650177938754876,0,8
133,18,64,0.681328872915027,0,9
133,24,84,0.911666692659676,1,1
134,6,61,0.2667356209164674,0,1
134,12,83,0.6748451610815788,1,53
134,18,52,0.22451429330704542,0,8
134,24,92,0.4908545878379025,1,57
135,6,12,0.7167285529195695,0,7
135,12,80,0.23217174018431674,1,80
135,18,79,0.09303579237037962,0,13
135,24,56,0.2682776256885613,0,17
136,6,68,0.4352254827647477,1,43
136,12,73,0.053907048139665514,1,7
136,18,83,0.41322272031666707,1,81
136,24,2,0.8020646434414161,0,0
137,6,38,0.4340345459092927,1,27
137,12,15,0.9700829714547498,0,4
137,18,40,0.5246982956144738,1,32
137,24,3,0.6187902423925253,0,2
138,6,26,0.2841414463855746,1,1
138,12,7,0.7032764930212471,0,7
138,18,8,0.09628551251387996,1,5
138,24,55,0.37613261330322045,1,25
139,6,67,0.38632556436489507,1,54
139,12,78,0.7145072748087892,1,17
139,18,33,0.20087792100248336,0,13
139,24,95,0.9403318886648138,1,7
140,6,33,0.6349736095208899,0,9
140,12,22,0.12123098038675684,0,10
140,18,21,0.6738977035096877,0,21
140,24,71,0.8624586044720879,1,9
141,6,99,0.831267269913444,1,58
141,12,11,0.0900107275619223,0,9
141,18,20,0.5007318997507375,1,5
141,24,35,0.25698364761027637,1,31
142,6,12,0.13978492567307876,0,11
142,12,29,0.3389971843632582,1,17
142,18,59,0.7774301778552772,1,30
142,24,7,0.5495813295430045,0,0
143,6,50,0.7776284797707096,1,4
143,12,37,0.9454908755266677,0,33
143,18,66,0.12118583435941488,1,6
143,24,9,0.33685444336307513,0,3
144,6,11,0.1576613904572367,1,0
144,12,56,0.5592521237099816,1,35
144,18,17,0.8585247624648625,0,6
144,24,85,0.026721930005525252,1,24
145,6,69,0.9251179877482733,0,36
145,12,73,0.34260529773918347,1,36
145,18,18,0.37507914488319194,0,11
145,24,89,0.7504135455803316,1,16
146,6,71,0.4959667393798963,0,2
146,12,60,0.3536957252747136,0,4
146,18,65,0.8273695607098882,1,4
146,24,85,0.3356373056213332,1,14
147,6,92,0.45537055004964233,1,48
147,12,5,0.8064549982968631,0,1
147,18,7,0.03610658270573086,1,6
147,24,76,0.47975294390051504,1,21
148,6,57,0.6639272681449774,0,16
148,12,98,0.19133787145944503,1,51
148,18,77,0.7727920355657216,0,48
148,24,10,0.7347624263780462,0,1
149,6,83,0.054768756782052064,1,13
149,12,18,0.43198089659954964,0,16
149,18,91,0.017714494501134825,1,16
149,24,51,0.49049824570916833,0,11
150,6,90,0.1011940579452606,1,18
150,12,85,0.7031441642589492,0,41
150,18,60,0.8486569631521125,0,30
150,24,34,0.859983328738019,0,14
151,6,46,0.04358098849066705,1,19
151,12,95,0.8174027560871467,1,85
151,18,22,0.8440073331886375,0,11
151,24,6,0.5708699883437677,0,2
152,6,59,0.1523331195978036,1,11
152,12,95,0.397288875493067,1,41
152,18,6,0.12737795990771317,0,5
152,24,39,0.48845564614652126,1,18
153,6,63,0.8824091194974281,1,9
153,12,42,0.6412975228069433,0,23
153,18,94,0.08514895643808407,1,22
153,24,23,0.874349863123592,0,20
154,6,44,0.5745791943124582,1,4
154,12,31,0.25666792574389097,0,15
154,18,61,0.7191034286291618,1,53
154,24,54,0.7463464361458366,0,30
155,6,60,0.56031325921035,1,22
155,12,68,0.18010125499929208,1,5
155,18,76,0.028697877907656988,1,68
155,24,20,0.6893228345467054,0,18
156,6,38,0.883857442890064,1,37
156,12,84,0.9583340524129021,1,28
156,18,3,0.4405225197603455,0,2
156,24,74,0.3729532807847118,1,72
157,6,92,0.00010394029143501182,1,53
157,12,92,0.8993291946734265,0,55
157,18,44,0.7793659487462902,0,41
157,24,62,0.11860089550533848,1,52
158,6,93,0.6454609843454383,1,45
158,12,96,0.46642012848871894,1,27
158,18,5,0.9536335267089782,0,1
158,24,42,0.7716314186645465,1,3
159,6,16,0.9226129177724992,0,4
159,12,84,0.9693898824154281,1,22
159,18,2,0.4609078656280199,0,1
159,24,54,0.47668269233614413,1,39
160,6,2,0.7124455398835472,0,2
160,12,44,0.29625031811544844,1,38
160,18,22,0.6718928973174823,0,14
160,24,16,0.9689959896183857,0,0
161,6,97,0.8241009424392802,1,59
161,12,90,0.4209678564924526,0,41
161,18,10,0.2169355038630466,0,7
161,24,82,0.05505945599551554,1,9
162,6,67,0.7945702779650301,0,44
162,12,33,0.7328406821714318,0,19
162,18,24,0.9808787660872982,0,13
162,24,4,0.22874511925009855,0,4
163,6,40,0.4140637181446908,1,36
163,12,79,0.9572231404787316,1,36
163,18,86,0.8398579198163555,1,37
163,24,79,0.44650790573822674,0,9
164,6,34,0.21286584545064446,0,18
164,12,55,0.37488934036185895,1,3
164,18,46,0.8905482250970784,0,2
164,24,62,0.07784647998255045,1,20
165,6,38,0.14777390353901165,0,29
165,12,93,0.9135757161354724,1,88
165,18,38,0.8703385026093631,0,20
165,24,63,0.6889699664630932,1,38
166,6,92,0.4855273713295116,1,19
166,12,65,0.5781332418829953,0,62
166,18,34,0.4556244992312748,0,27
166,24,60,0.6525424231317742,1,7
167,6,96,0.020154047369960737,1,7
167,12,90,0.6298605524255059,0,18
167,18,75,0.8878630327923597,0,69
167,24,17,0.9352537892523126,0,14
168,6,22,0.49779868763275315,1,9
168,12,59,0.6812654266094839,1,46
168,18,62,0.8594614280025125,1,51
168,24,16,0.43865056265517655,0,13
169,6,89,0.5110552848422157,1,11
169,12,9,0.30287065823509873,0,8
169,18,81,0.6914665390394155,1,53
169,24,88,0.999274596512064,1,40
170,6,66,0.020598955903187388,0,53
170,12,13,0.5305970274496352,0,1
170,18,64,0.9618835757476469,1,31
170,24,92,0.9896844551060617,1,58
171,6,54,0.8861081912433424,0,12
171,12,75,0.9041151185559918,1,8
171,18,37,0.09231177755038711,0,8
171,24,74,0.5516573299950334,1,11
172,6,51,0.17975326255680224,0,2
172,12,59,0.13019110358717867,1,7
172,18,17,0.5497112653761367,0,10
172,24,7,0.1855281241407596,0,5
173,6,32,0.09036663635186026,1,5
173,12,61,0.1629918614804149,1,9
173,18,62,0.19344719514670383,1,38
173,24,95,0.12008926351302107,1,79
174,6,96,0.26724378176071273,1,39
174,12,6,0.7320606907954397,0,4
174,18,58,0.5552902542911713,1,10
174,24,86,0.5662923962648612,1,37
175,6,25,0.66296425102317,0,7
175,12,91,0.12017396487628929,1,86
175,18,50,0.7399528056030534,0,50
175,24,76,0.18556845266607358,1,44
176,6,90,0.8257658047682432,1,90
176,12,89,0.475637980081162,0,78
176,18,49,0.4478748483592252,0,30
176,24,97,0.5350725817350115,1,73
177,6,19,0.8693753389781099,0,8
177,12,59,0.3655865412653061,1,1
177,18,35,0.8284132474990422,0,11
177,24,70,0.7759047202702065,1,44
178,6,23,0.8800477573170709,0,13
178,12,42,0.8644044531303572,1,30
178,18,56,0.589402712176322,1,44
178,24,35,0.5489499919121678,0,8
179,6,99,0.9923219873023797,1,2
179,12,47,0.5430519784029919,0,43
179,18,62,0.2570321238577349,1,27
179,24,72,0.8435437528724291,1,18
180,6,96,0.191586931279484,1,67
180,12,85,0.10502992305725134,0,35
180,18,77,0.7144151655658618,0,17
180,24,14,0.22281333990804453,0,5
181,6,79,0.40064954431084987,1,73
181,12,97,0.3109725973648848,1,1
181,18,54,0.7448166315278077,0,28
181,24,44,0.09529149104716006,0,28
182,6,40,0.12783824814567057,0,11
182,12,30,0.15621986711790847,0,0
182,18,68,0.7667067326459437,1,67
182,24,97,0.9491197965931418,1,47
183,6,37,0.8694986522921198,0,13
183,12,4,0.7281465657883834,0,4
183,18,70,0.6912952733654829,1,27
183,24,95,0.31594458729512187,1,22
184,6,57,0.14536654466266752,0,12
184,12,40,0.5609369036875628,0,9
184,18,2,0.5559183071075031,0,1
184,24,43,0.5330138815128822,1,39
185,6,56,0.7015082118220497,1,47
185,12,84,0.9776674507457989,1,12
185,18,65,0.29289806074164293,0,53
185,24,44,0.8287547760833419,0,10
186,6,6,0.8945284647249216,0,3
186,12,63,0.7072422495825406,1,50
186,18,41,0.5401691366488486,0,30
186,24,27,0.6349068785140498,0,17
187,6,67,0.07262985589875759,1,49
187,12,52,0.1790407058174951,0,24
187,18,55,0.7972309059358863,1,45
187,24,93,0.030352188935171887,1,3
188,6,49,0.5651640020977616,0,31
188,12,39,0.9533481578336345,0,24
188,18,13,0.4241804776930279,0,9
188,24,25,0.20788708479583973,1,24
189,6,16,0.5141210961017596,0,8
189,12,38,0.2472138358710495,1,7
189,18,72,0.24090827272179827,1,46
189,24,6,0.2600128895434348,0,0
190,6,60,0.26808194907617944,1,3
190,12,73,0.35897944182636743,1,26
190,18,88,0.8058409350854446,1,16
190,24,32,0.5440808095636576,0,28
191,6,22,0.995172477019315,0,3
191,12,62,0.09779215683182041,1,62
191,18,26,0.8116271555098841,0,12
191,24,43,0.7665599341487435,1,1
192,6,76,0.2926255436169126,1,57
192,12,42,0.27653666040735736,0,38
192,18,47,0.5319975589086905,1,8
192,24,18,0.6937206728200743,0,10
193,6,30,0.10980704416510334,1,30
193,12,95,0.6068649902340506,1,33
193,18,80,0.7508655548530911,0,18
193,24,72,0.6698153776606213,0,44
194,6,3,0.7630241252821325,0,2
194,12,78,0.43470507568193195,1,61
194,18,46,0.789812386475334,0,45
194,24,54,0.8130248593235827,1,43
195,6,91,0.5609418569078912,1,42
195,12,94,0.5760208063592183,1,18
195,18,58,0.18973920945949718,0,19
195,24,94,0.057456868370254766,1,0
196,6,19,0.9654189832109998,0,3
196,12,23,0.9187228537954929,1,3
196,18,12,0.9300264828697308,0,1
196,24,19,0.9129583652907921,1,12
197,6,29,0.29242184070442245,1,16
197,12,10,0.7601622440862756,0,2
197,18,9,0.598716989835353,0,5
197,24,5,0.9197673064712387,0,3
198,6,68,0.1353215281116361,1,11
198,12,51,0.6152531003566483,0,39
198,18,49,0.6891307746699766,0,24
198,24,71,0.950265788740302,1,1
199,6,14,0.21768880715715233,0,1
199,12,4,0.45348537065264405,0,1
199,18,25,0.46950675295305755,1,4
199,24,2,0.7519599293529374,0,1
200,6,9,0.8080719111242893,1,2
200,12,94,0.1248677106755357,1,23
200,18,22,0.2555244430727406,0,0
200,24,35,0.28244000045026374,1,17
201,6,6,0.4226548465745078,0,3
201,12,8,0.6651463542737365,1,3
201,18,83,0.9598361297963518,1,50
201,24,2,0.2876058298481997,0,0
202,6,57,0.24432713396489614,1,11
202,12,5,0.38736511191660195,0,2
202,18,62,0.5787033074758804,1,15
202,24,72,0.22833361277445474,1,50
203,6,68,0.6446951005473261,0,5
203,12,94,0.6099289234481715,1,1
203,18,41,0.25290513791058955,0,22
203,24,84,0.7645232714751162,1,78
204,6,57,0.0844603259971719,0,40
204,12,39,0.3141503882748642,0,12
204,18,91,0.15735202886515964,1,30
204,24,97,0.6390809549111457,1,90
205,6,93,0.712150008059174,0,22
205,12,39,0.6445998222795623,0,30
205,18,37,0.16605780777028,0,29
205,24,44,0.1179801167777802,1,17
206,6,85,0.00612789067270092,1,27
206,12,45,0.06707546512127383,0,25
206,18,78,0.31220244150919896,1,34
206,24,14,0.8661553476128611,0,9
207,6,36,0.6228749930808015,1,3
207,12,44,0.041487698803065354,1,24
207,18,57,0.33551835551501497,1,57
207,24,97,0.13347304311311814,1,1
208,6,8,0.2347261129403022,0,5
208,12,83,0.38750815092347446,1,64
208,18,56,0.3495356664866559,0,44
208,24,29,0.2775413913274104,0,8
209,6,30,0.6892854066314412,1,22
209,12,44,0.5539904926612926,1,30
209,18,94,0.6395724601216775,1,82
209,24,32,0.4272319275092965,0,6
210,6,26,0.09872716006821436,0,17
210,12,34,0.7163034051136986,1,26
210,18,83,0.3956557726515083,1,22
210,24,63,0.26266941106105834,0,33
211,6,98,0.1656920778942257,1,55
211,12,96,0.9560439376950208,0,11
211,18,2,0.32075970356376615,0,1
211,24,23,0.23538191487418303,1,19
212,6,27,0.9156673350411142,1,6
212,12,46,0.8242786102954021,1,32
212,18,63,0.9324015250008633,1,20
212,24,72,0.24730749229747884,1,51
213,6,56,0.33346518916629486,0,4
213,12,11,0.15280334523052574,0,1
213,18,41,0.15261345074481736,1,35
213,24,51,0.2273725778032769,1,23
214,6,50,0.24848967403480937,0,40
214,12,18,0.06561502408425002,0,6
214,18,29,0.7873765239785476,1,17
214,24,96,0.9998318587182548,1,40
215,6,80,0.8202044061111466,0,10
215,12,6,0.598442795715861,0,6
215,18,5,0.8352291173327017,0,2
215,24,82,0.9500110802410011,1,81
216,6,71,0.008118799926937426,0,57
216,12,74,0.6846850051446911,1,4
216,18,71,0.027717526004323978,0,36
216,24,30,0.4801138303333171,0,26
217,6,44,0.3966378290850462,1,33
217,12,44,0.7859745142761825,0,14
217,18,28,0.6919779176076761,0,22
217,24,53,0.1464714997994584,1,4
218,6,33,0.7394375661705445,0,32
218,12,50,0.8947159766339033,1,43
218,18,84,0.6370462421214814,1,68
218,24,48,0.23741447044394492,0,7
219,6,43,0.12481508061643698,0,37
219,12,48,0.21810212950016206,1,38
219,18,56,0.10741296850039106,1,46
219,24,59,0.6077035997023896,1,38
220,6,43,0.1950226991657935,0,33
220,12,64,0.9180719894717476,1,31
220,18,83,0.3095164459951836,1,23
220,24,31,0.8772124235042698,0,3
221,6,24,0.5918710217635351,0,7
221,12,44,0.22730072558727032,1,43
221,18,95,0.9836432859823685,1,9
221,24,6,0.855524970076653,0,3
222,6,70,0.784443545304916,1,38
222,12,78,0.7249903337245831,1,13
222,18,80,0.0908244788270548,1,21
222,24,23,0.32616865965711184,0,16
223,6,11,0.7637442985575028,0,10
223,12,40,0.5816429727041281,1,26
223,18,60,0.9022420776362045,1,43
223,24,29,0.6321601384911899,0,29
224,6,82,0.5657316365342467,1,68
224,12,87,0.013335840946527955,1,40
224,18,34,0.38514265492805166,0,22
224,24,47,0.7555897180095874,1,7
225,6,44,0.10012478388333368,0,4
225,12,83,0.08106283344269427,1,58
225,18,54,0.3469307897091418,0,12
225,24,27,0.8427800278509072,0,2
226,6,79,0.5715826635867112,1,38
226,12,54,0.04420389310191619,0,5
226,18,51,0.6386377024584158,0,47
226,24,6,0.6342426612715648,0,3
227,6,31,0.2475402652297516,1,5
227,12,24,0.6507150497412694,0,7
227,18,50,0.8509282941461298,1,2
227,24,35,0.21382041587872125,0,23
228,6,66,0.6481394632183067,1,14
228,12,92,0.5151264736936809,1,62
228,18,14,0.7386406152733376,0,7
228,24,39,0.07055866037792635,1,4
229,6,28,0.5145716607393424,0,27
229,12,21,0.9520929515091163,0,0
229,18,23,0.6979691711387686,1,1
229,24,77,0.8909067632566517,1,53
230,6,44,0.9764425006019336,0,25
230,12,40,0.8082997020404237,0,34
230,18,89,0.9507239363034818,1,75
230,24,13,0.9827887417476293,0,0
231,6,55,0.5658563607351921,1,7
231,12,31,0.4908834681461852,0,13
231,18,14,0.3465281121322563,0,3
231,24,36,0.013667841992957341,1,28
232,6,73,0.17613191851753385,1,52
232,12,67,0.10383644875366504,0,39
232,18,65,0.968780224652473,0,28
232,24,50,0.8635654854388005,0,31
233,6,49,0.6472629417948468,0,32
233,12,70,0.9625929956643516,1,35
233,18,3,0.9337214473975016,0,3
233,24,75,0.9288314146267066,1,60
234,6,91,0.897939889918169,1,31
234,12,67,0.7678544205324407,0,11
234,18,18,0.7795540191990258,0,7
234,24,94,0.1033940269964434,1,1
235,6,13,0.7801685255696966,0,12
235,12,9,0.032285952419609076,0,0
235,18,49,0.1295920197604552,1,28
235,24,22,0.6170031134830968,0,10
236,6,62,0.7167373651458374,1,39
236,12,33,0.2783006544752544,0,9
236,18,52,0.4201542030633606,1,10
236,24,36,0.9701916365880515,0,19
237,6,78,0.9036030750402839,1,26
237,12,2,0.5002631017259137,0,2
237,18,86,0.43022248865947366,1,58
237,24,79,0.5685492517509557,0,3
238,6,86,0.6072390989634006,1,67
238,12,71,0.09589688779759487,0,11
238,18,55,0.8052054354002569,0,54
238,24,16,0.3596499089387435,0,3
239,6,41,0.7822478183844738,1,25
239,12,25,0.4103491452911324,0,22
239,18,6,0.179909824089712,0,4
239,24,6,0.23640542990035507,0,0
240,6,84,0.1708377366568069,1,50
240,12,93,0.795365330162474,1,79
240,18,41,0.9700839419724178,0,9
240,24,22,0.6709903592645771,0,10
241,6,17,0.2548360634678001,0,12
241,12,24,0.7206791201383916,1,16
241,18,88,0.8411608377396816,1,9
241,24,67,0.6489690054835556,0,30
242,6,4,0.5339886967059994,0,3
242,12,88,0.27058068598422425,1,61
242,18,53,0.5234949474745124,0,9
242,24,30,0.164134476623923,0,19
243,6,83,0.46683226903024766,1,29
243,12,60,0.23511309036262196,0,36
243,18,1,0.05201170439238856,0,1
243,24,47,0.16885661462520063,1,7
244,6,1,0.817665136361571,0,0
244,12,62,0.2766547492755591,1,47
244,18,91,0.8827227814165377,1,25
244,24,87,0.05400475566006169,0,9
245,6,82,0.9113177247478687,0,34
245,12,53,0.524068178988841,0,15
245,18,93,0.1617120032724778,1,55
245,24,33,0.43621355982881516,0,27
246,6,73,0.2919550249173799,1,14
246,12,32,0.049731925477964234,0,13
246,18,47,0.8679386559442503,1,6
246,24,32,0.9326972145864592,0,4
247,6,30,0.0760859762649363,0,15
247,12,83,0.7088917061792505,1,42
247,18,0,0.7053600718544014,0,0
247,24,87,0.7738550465557478,1,4
248,6,64,0.912671092211627,0,50
248,12,72,0.2876537359593735,1,58
248,18,76,0.2320589425350008,1,26
248,24,53,0.8030860628854886,0,48
249,6,8,0.909648736215404,0,3
249,12,97,0.552877679450765,1,19
249,18,21,0.726803414470109,0,15
249,24,22,0.14436770868323612,1,7
250,6,64,0.4373038534950364,1,64
250,12,6,0.3275731026391251,0,4
250,18,53,0.8756805750519718,1,43
250,24,76,0.07442317796891895,1,47
251,6,33,0.9550776318691878,0,23
251,12,77,0.024615821041136243,1,31
251,18,45,0.7247749181163541,0,21
251,24,60,0.44578650855599866,1,0
252,6,72,0.24216971843625468,1,30
252,12,74,0.1857906302001987,1,21
252,18,69,0.7927452002795541,0,12
252,24,96,0.19025362073702012,1,72
253,6,93,0.2532335925977701,0,65
253,12,53,0.7634518225569981,0,11
253,18,40,0.260621725435914,0,25
253,24,37,0.30884311894731853,0,23
254,6,85,0.3937322295069534,1,72
254,12,9,0.37832286039663465,0,4
254,18,35,0.8686884836011741,1,1
254,24,39,0.9447622013218113,1,38
255,6,96,0.3247185959224129,1,37
255,12,29,0.3918989292079105,0,26
255,18,50,0.33053768667079086,1,9
255,24,39,0.5744443518014423,0,27
256,6,0,0.6127700848362275,0,0
256,12,32,0.41435490498636884,1,2
256,18,18,0.7431266337612139,0,11
256,24,69,0.81144750579909,1,46
257,6,6,0.9315361275702891,0,5
257,12,61,0.6730685530820008,1,16
257,18,4,0.45059935318087574,0,4
257,24,32,0.6357549735841689,1,27
258,6,49,0.9704597269705216,1,31
258,12,83,0.655525353894631,1,61
258,18,84,0.46698980226461995,1,70
258,24,90,0.7606578641936939,1,56
259,6,63,0.4982561771470806,0,50
259,12,33,0.9657328823989221,0,9
259,18,38,0.4661573871388226,1,33
259,24,47,0.2077428756992621,1,20
260,6,70,0.33998175667952235,1,35
260,12,23,0.08462791043190554,0,5
260,18,22,0.6391108060433442,0,10
260,24,88,0.3533742232420103,1,14
261,6,89,0.6089708980861641,1,18
261,12,66,0.7094452914529097,0,25
261,18,75,0.583341001848602,1,39
261,24,23,0.05278484256486049,0,0
262,6,13,0.9529024834626869,0,13
262,12,5,0.16040507290211148,0,1
262,18,59,0.26562901779963577,1,26
262,24,90,0.3835326762729333,1,18
263,6,54,0.5675802998685264,0,5
263,12,65,0.18401526694520365,1,24
263,18,31,0.7394650141399427,0,11
263,24,53,0.557617350900258,1,12
264,6,59,0.07643257870803566,1,21
264,12,43,0.4269669077929953,0,15
264,18,30,0.4711830141082236,0,10
264,24,69,0.574929799997921,1,69
265,6,93,0.679016716972565,1,84
265,12,19,0.7930094535422479,0,14
265,18,92,0.7213427556512989,1,77
265,24,7,0.31338425908885603,0,0
266,6,41,0.15236460967642107,1,15
266,12,87,0.3054831577724768,1,66
266,18,32,0.8920249862753693,0,30
266,24,50,0.13967382294339614,1,18
267,6,8,0.32105292222338455,0,5
267,12,95,0.06765158997066478,1,89
267,18,39,0.27864652036526627,0,26
267,24,35,0.12638343645021177,0,9
268,6,10,0.5408242555032161,0,1
268,12,20,0.9472896676687897,1,5
268,18,35,0.75699898781718,1,29
268,24,10,0.532178330322637,0,1
269,6,26,0.7347000648188093,1,2
269,12,93,0.08204355971317157,1,18
269,18,73,0.3864202840224902,0,48
269,24,91,0.1385333813915396,1,30
270,6,30,0.15659405439994278,0,23
270,12,4,0.04215071262029424,0,2
270,18,24,0.880350268599096,1,14
270,24,36,0.5466135464266073,1,3
271,6,91,0.42908746202557013,1,37
271,12,45,0.734880685094291,0,23
271,18,36,0.43050512844416466,0,34
271,24,90,0.7237273007505467,1,76
272,6,77,0.6056668573114478,0,27
272,12,9,0.7406377903791473,0,9
272,18,56,0.59545804042804,1,53
272,24,74,0.48644845264181846,1,17
273,6,0,0.7297188094173918,0,0
273,12,49,0.9578210465928003,1,20
273,18,98,0.7429389870764631,1,49
273,24,18,0.9612894165840377,0,15
274,6,1,0.8673855470308746,0,1
274,12,69,0.8719609293191767,1,50
274,18,14,0.46530437672476677,0,4
274,24,2,0.4247995036263381,0,1
275,6,35,0.2752567508220075,1,10
275,12,77,0.23223648017704546,1,41
275,18,10,0.9656316791340579,0,7
275,24,69,0.04283881566729375,1,7
276,6,40,0.010743998755446293,0,25
276,12,85,0.015261767471295262,1,41
276,18,93,0.809459188722576,1,67
276,24,34,0.9144477715985176,0,24
277,6,2,0.05008602840001164,0,2
277,12,49,0.942347093067325,1,10
277,18,91,0.14673280529283406,1,67
277,24,15,0.9337312859881349,0,5
278,6,67,0.0474963318706213,1,31
278,12,9,0.9732099265214388,0,8
278,18,13,0.1860601651395689,1,12
278,24,26,0.6972379609168108,1,2
279,6,30,0.7938453334753399,1,4
279,12,22,0.9406276272072441,0,4
279,18,23,0.2264517363116909,1,11
279,24,86,0.43485628800782117,1,84
280,6,6,0.8051617837399055,0,3
280,12,16,0.18172490562206878,1,6
280,18,61,0.3704983983799405,1,34
280,24,79,0.552028873316588,1,73
281,6,58,0.3679054485369755,0,54
281,12,4,0.7325880842491632,0,0
281,18,1,0.289525491175903,0,0
281,24,37,0.028484785556596393,1,15
282,6,45,0.44737155473563195,1,12
282,12,35,0.004124973409066479,0,22
282,18,80,0.7607190986611834,1,19
282,24,63,0.2182294454346887,0,51
283,6,84,0.7450034084045573,1,19
283,12,42,0.6527980319964395,0,28
283,18,96,0.0019235143189090254,1,12
283,24,78,0.4658648724593196,0,43
284,6,71,0.4080747257271048,0,2
284,12,3,0.3708731026403691,0,0
284,18,95,0.8009695830416993,1,35
284,24,20,0.09059252355000968,0,1
285,6,46,0.8478412123708664,1,31
285,12,41,0.013355387538383057,0,18
285,18,64,0.4593238197609708,1,38
285,24,8,0.3783602948866994,0,4
286,6,8,0.2877256200434397,0,3
286,12,4,0.9729499661489024,0,1
286,18,47,0.44164179356253797,1,41
286,24,93,0.7114700670858954,1,28
287,6,90,0.35465909266601703,0,77
287,12,41,0.4227100548489122,0,16
287,18,92,0.8052341413379642,1,45
287,24,75,0.8842614445194251,0,30
288,6,99,0.8407262999232001,1,73
288,12,73,0.321315479523528,0,47
288,18,92,0.32391765831113895,1,46
288,24,79,0.6596626385946655,0,30
289,6,31,0.6006306973680199,0,29
289,12,54,0.45704998209534886,1,8
289,18,97,0.5789578751819255,1,14
289,24,12,0.2157862107412053,0,6
290,6,4,0.44364914193457294,0,0
290,12,90,0.28271166731012753,1,75
290,18,92,0.4096207132723326,1,79
290,24,6,0.21589506048512597,0,6
291,6,79,0.6880406561143251,1,26
291,12,18,0.22434922736722174,0,12
291,18,1,0.11596887206064699,0,0
291,24,15,0.7309447732864576,1,0
292,6,95,0.7882837674475962,1,76
292,12,16,0.5232915818471457,0,6
292,18,53,0.5928295555349867,1,49
292,24,96,0.5729397988498052,1,23
293,6,1,0.18741538863906748,0,0
293,12,41,0.005790772979503256,1,10
293,18,61,0.21649574751224931,1,39
293,24,4,0.5126397613031691,0,3
294,6,1,0.834972600273836,0,0
294,12,79,0.585368710571167,1,64
294,18,68,0.6262468272503872,0,32
294,24,40,0.10032996787699744,0,23
295,6,71,0.05347450479829652,1,2
295,12,24,0.7116243059805569,0,10
295,18,76,0.7829456082986183,1,17
295,24,65,0.2589822394118857,0,21
296,6,43,0.3992362364321662,0,36
296,12,30,0.26816757314602846,0,30
296,18,94,0.14926177024654297,1,66
296,24,50,0.05897864670585129,0,26
297,6,98,0.7119663718158968,1,93
297,12,88,0.9740312308698578,0,33
297,18,40,0.5886457654872874,0,19
297,24,27,0.6698340260247344,0,0
298,6,59,0.45969738675826455,1,26
298,12,22,0.957422747252629,0,1
298,18,96,0.057893984877628646,1,13
298,24,71,0.12662842158092624,0,42
299,6,12,0.28472738482566506,0,0
299,12,80,0.5788273631459459,1,63
299,18,20,0.8856703465060705,0,2
299,24,43,0.8647834852211006,1,39
300,6,71,0.23074139904668167,1,59
300,12,54,0.8564120928323027,0,7
300,18,10,0.5788468546584782,0,9
300,24,63,0.0806010885422842,1,52
301,6,89,0.13521124829826503,1,10
301,12,26,0.13043416512845107,0,15
301,18,61,0.0031513580048601053,1,2
301,24,46,0.4424796049360872,0,31
302,6,65,0.8680683014592719,1,57
302,12,50,0.8148767276720971,0,35
302,18,92,0.08136237971170801,1,17
302,24,40,0.9204631184821285,0,21
303,6,94,0.016838241341969762,1,93
303,12,16,0.7410467564534551,0,0
303,18,25,0.6874574498295194,1,5
303,24,33,0.034116087425741126,1,22
304,6,68,0.7431344720199357,1,27
304,12,34,0.9131737046557463,0,26
304,18,47,0.1098436943611727,1,6
304,24,4,0.639958716008517,0,0
305,6,62,0.1804268767263193,1,39
305,12,27,0.6793045723027273,0,23
305,18,64,0.8711287217438688,1,41
305,24,86,0.31943811926188714,1,50
306,6,86,0.8204901443328135,0,78
306,12,85,0.5077317362673114,0,5
306,18,26,0.0932182869490702,0,3
306,24,94,0.40484123009145134,1,94
307,6,68,0.02816570419550768,0,42
307,12,30,0.8105109053692686,0,30
307,18,27,0.14209486674510496,0,15
307,24,15,0.8995318900895832,0,15
308,6,61,0.03108250149018066,1,24
308,12,76,0.832677888554319,1,72
308,18,43,0.10576032207265718,0,32
308,24,66,0.5539251797122456,1,44
309,6,87,0.22163769508261133,1,44
309,12,81,0.8902706398316526,0,61
309,18,40,0.5377323911376193,0,33
309,24,56,0.07848007560537362,1,6
310,6,1,0.3801440003459544,0,0
310,12,70,0.04868112691311399,1,25
310,18,65,0.22822917858166714,0,31
310,24,76,0.21212181233449035,1,20
311,6,71,0.3404784458665181,0,62
311,12,92,0.8852220129273548,1,8
311,18,15,0.21103013741369292,0,14
311,24,71,0.10451141715880374,1,37
312,6,47,0.4071654459654407,0,33
312,12,42,0.6086803605574569,0,9
312,18,59,0.2677232095913785,1,31
312,24,29,0.045814541221144256,0,13
313,6,83,0.8393265852560942,1,14
313,12,33,0.01577006305112416,0,22
313,18,26,0.48859530715868016,0,24
313,24,38,0.7458351643936144,1,2
314,6,63,0.19143791640887375,1,6
314,12,87,0.0289839530869056,1,62
314,18,43,0.7903968473216372,0,11
314,24,69,0.9147051955387568,1,17
315,6,50,0.5241652041076621,0,8
315,12,54,0.7181285885919488,1,44
315,18,63,0.3790309451812588,1,6
315,24,87,0.6228363509513567,1,79
316,6,57,0.6650594586339333,0,27
316,12,37,0.5472245337541802,0,6
316,18,29,0.3610255019671972,0,15
316,24,59,0.035556864819915046,1,8
317,6,78,0.48439438183879846,1,74
317,12,92,0.6416830737205911,1,71
317,18,8,0.5253919517918871,0,4
317,24,57,0.08973076617168163,1,48
318,6,33,0.018075306009324832,0,22
318,12,13,0.2785422946712979,0,10
318,18,85,0.37001047744195037,1,68
318,24,78,0.8784970460844953,0,13
319,6,49,0.5224545469598842,0,43
319,12,69,0.27021681473519676,1,37
319,18,17,0.6374861478967321,0,1
319,24,87,0.6928584947317884,1,56
320,6,57,0.9779944651886527,0,3
320,12,61,0.23386038755415084,1,0
320,18,72,0.2673651333971866,1,48
320,24,64,0.468351466705742,0,39
321,6,81,0.24900344480954517,1,57
321,12,44,0.5782610295802665,0,16
321,18,10,0.563400769800097,0,10
321,24,58,0.15520549677829065,1,27
322,6,77,0.6952939618644766,1,65
322,12,19,0.992051565423112,0,18
322,18,5,0.5588776362699532,0,1
322,24,22,0.957108657498028,1,13
323,6,44,0.6350781810986792,1,20
323,12,13,0.16443548729091162,0,4
323,18,64,0.6907525968819326,1,14
323,24,83,0.03610569659510854,1,45
324,6,0,0.48085485228593383,0,0
324,12,74,0.9196722055821217,1,16
324,18,86,0.9808018466022439,1,47
324,24,36,0.8950479856743908,0,24
325,6,87,0.16772589955587625,1,61
325,12,0,0.17697348388457712,0,0
325,18,3,0.3420968011045361,1,1
325,24,52,0.10492829010095628,1,2
326,6,85,0.6314039589617371,1,34
326,12,99,0.9632118757132051,1,95
326,18,28,0.4367722737749101,0,12
326,24,42,0.6458211818402051,1,41
327,6,73,0.5476996850615382,1,16
327,12,60,0.1657512158229255,0,31
327,18,61,0.8802926456656756,1,16
327,24,22,0.6714300713250797,0,17
328,6,54,0.7501448652299749,1,39
328,12,93,0.5340892336645747,1,83
328,18,24,0.24754645960445743,0,23
328,24,36,0.7083920800943515,1,7
329,6,45,0.04791554331465975,1,38
329,12,68,0.0015142318117390419,1,59
329,18,95,0.6626986108093724,1,94
329,24,54,0.7707715334439602,0,37
330,6,58,0.4941061639243014,1,39
330,12,34,0.35966809244400677,0,9
330,18,53,0.10366565422143315,1,13
330,24,43,0.8862762278044999,0,10
331,6,5,0.3779500122620211,0,1
331,12,23,0.8336093226915109,1,13
331,18,21,0.7069135773968154,0,3
331,24,74,0.8605846217864924,1,56
332,6,6,0.4279261142123576,0,2
332,12,35,0.17515180366857508,1,11
332,18,21,0.735667065459281,0,16
332,24,42,0.868151860458986,1,5
333,6,6,0.032598883635986065,0,1
333,12,44,0.6234298115350458,1,1
333,18,65,0.09006318651625544,1,4
333,24,79,0.739954147009524,1,15
334,6,27,0.5686314587803304,0,25
334,12,69,0.906267292370128,1,68
334,18,30,0.9341680300656715,0,17
334,24,40,0.2450802764556319,1,1
335,6,95,0.798878166382926,1,86
335,12,18,0.884227333817999,0,0
335,18,42,0.6384957203955748,1,26
335,24,10,0.15524282908942155,0,0
336,6,93,0.4926612591262538,1,16
336,12,1,0.2595256710719691,0,1
336,18,92,0.11156717801565685,1,19
336,24,25,0.33579304549219213,0,25
337,6,68,0.2364036257044969,1,14
337,12,51,0.2674507848992058,0,30
337,18,3,0.49587473073981014,0,2
337,24,86,0.1554126575234258,1,26
338,6,21,0.29334718800871873,0,17
338,12,88,0.08595932126974504,1,75
338,18,27,0.25187650238939696,0,21
338,24,22,0.721466340277884,0,0
339,6,3,0.7538764599587634,0,0
339,12,53,0.8946392517332844,1,19
339,18,79,0.5271110271116788,1,65
339,24,78,0.4501762485809354,0,67
340,6,42,0.5281865892684137,0,40
340,12,64,0.7223092052119279,1,41
340,18,86,0.1313913155342077,1,42
340,24,7,0.9234610690552127,0,2
341,6,89,0.8881706547643197,1,0
341,12,23,0.8279275033664437,0,23
341,18,25,0.7092696242324497,1,15
341,24,64,0.3159682632649107,1,52
342,6,94,0.3028675003334226,1,86
342,12,47,0.6346241175719747,0,19
342,18,88,0.5389153570759567,1,4
342,24,47,0.6679757372594272,0,22
343,6,44,0.3787725712417721,0,39
343,12,63,0.020644253600148876,1,33
343,18,80,0.3447189430936698,1,27
343,24,75,0.054216335580865804,0,21
344,6,12,0.07109598168286546,0,10
344,12,83,0.014326231044771931,1,5
344,18,63,0.5854863682253076,0,3
344,24,34,0.12821796650603567,0,18
345,6,99,0.07910083207684149,1,84
345,12,18,0.5972555481607384,0,7
345,18,20,0.2755439752398735,1,12
345,24,76,0.007760031201789697,1,1
346,6,95,0.040038957134016395,1,52
346,12,27,0.782957427451438,0,6
346,18,49,0.29019899653237924,1,15
346,24,48,0.47351604187266905,0,45
347,6,85,0.3519700468284567,1,58
347,12,34,0.5457416160302616,0,29
347,18,5,0.0476907401789024,0,1
347,24,97,0.14221404657521663,1,81
348,6,45,0.7257963465161177,0,37
348,12,63,0.8099129683603579,1,58
348,18,80,0.42449789977646313,1,64
348,24,90,0.594832328130982,1,53
349,6,29,0.1217492218578945,0,11
349,12,87,0.07288700198426246,1,45
349,18,87,0.8157458915776014,0,67
349,24,52,0.8819872111882785,0,50
350,6,33,0.09133038109418201,0,3
350,12,17,0.5058616454595096,0,13
350,18,64,0.9181529477273769,1,6
350,24,98,0.1082663074117648,1,57
351,6,98,0.22419413612402184,0,6
351,12,39,0.9295353556602904,0,28
351,18,46,0.4418563110485316,1,35
351,24,79,0.4352481576556563,1,54
352,6,18,0.3697460210565594,0,12
352,12,2,0.3655681662530823,0,1
352,18,44,0.5302389258017128,1,25
352,24,11,0.8850740923858584,0,7
353,6,83,0.6289236551229445,1,79
353,12,31,0.7743736358810269,0,18
353,18,35,0.4146667753387334,1,12
353,24,76,0.9564615011800647,1,1
354,6,20,0.867630672487648,0,19
354,12,13,0.37516267063197495,0,1
354,18,57,0.9721882442861451,1,1
354,24,6,0.8250894250654712,0,2
355,6,80,0.6804280245204763,1,57
355,12,76,0.0281335759523188,0,35
355,18,22,0.9994969589496207,0,16
355,24,30,0.9996410816744284,1,14
356,6,68,0.9876906507309294,1,62
356,12,92,0.34029734266748035,1,79
356,18,31,0.1458226752093088,0,28
356,24,88,0.9555111621983305,1,65
357,6,82,0.06156512790021873,0,24
357,12,96,0.7495178808211361,1,42
357,18,59,0.6591048533217005,0,40
357,24,18,0.688177072102596,0,6
358,6,29,0.6645740653523792,1,18
358,12,21,0.3950227730719963,0,15
358,18,63,0.8610707220573357,1,2
358,24,20,0.872251295394849,0,3
359,6,57,0.912311700341174,1,42
359,12,7,0.7876180500342305,0,5
359,18,8,0.45842324203136786,1,2
359,24,61,0.6987491052700058,1,8
360,6,8,0.28198314128427016,0,6
360,12,54,0.25628428242868717,1,17
360,18,86,0.7477380509169554,1,80
360,24,39,0.56861681690671,0,37
361,6,58,0.6948586508824707,1,49
361,12,39,0.2364059314754594,0,27
361,18,8,0.28564482825819504,0,3
361,24,16,0.6290537432784115,1,6
362,6,97,0.7492347606040423,1,28
362,12,20,0.5415697409821203,0,5
362,18,70,0.9416177024089661,1,36
362,24,52,0.8244072284934405,0,52
363,6,43,0.3240997687807766,0,23
363,12,50,0.9052199065089174,1,8
363,18,99,0.26151178959632415,1,7
363,24,30,0.4522148721542567,0,17
364,6,91,0.9142806298500643,1,84
364,12,25,0.1600127959219222,0,3
364,18,17,0.738632432316816,0,10
364,24,25,0.8568866388427798,1,10
365,6,74,0.8881973850336808,1,47
365,12,46,0.6536514268600404,0,14
365,18,67,0.41244811782275703,1,7
365,24,7,0.770672113841115,0,2
366,6,35,0.9821467277690124,1,28
366,12,32,0.48483819045591625,0,24
366,18,90,0.022790529005832005,1,60
366,24,53,0.13743209564692482,0,16
367,6,36,0.6866827246989202,0,31
367,12,8,0.7180458105009849,0,3
367,18,17,0.25321809639595305,1,4
367,24,45,0.5023447366337824,1,14
368,6,78,0.16895624972789414,1,78
368,12,25,0.9341624500499384,0,8
368,18,28,0.4812421543788805,1,14
368,24,93,0.21066464659162043,1,77
369,6,38,0.7531882608141107,0,10
369,12,36,0.5601425419412559,0,2
369,18,63,0.23498941312714394,1,25
369,24,82,0.7304039930564379,1,47
370,6,77,0.46241526291506885,0,55
370,12,6,0.09091519491775302,0,5
370,18,28,0.22312600451490483,1,11
370,24,50,0.9595375481499293,1,17
371,6,77,0.090427960604189,1,4
371,12,91,0.42088317857567403,1,48
371,18,9,0.6382131575150206,0,6
371,24,17,0.11748306921344442,1,17
372,6,67,0.721442624290101,1,2
372,12,97,0.4679134815808562,1,25
372,18,26,0.1666317114366126,0,10
372,24,38,0.5006689415625051,1,12
373,6,81,0.6978887511603731,1,67
373,12,3,0.5128191682281309,0,0
373,18,23,0.23941851652207846,1,10
373,24,5,0.6122942174636857,0,1
374,6,66,0.7630931445023883,1,61
374,12,89,0.39487664434880587,1,6
374,18,59,0.03402819553837022,0,58
374,24,80,0.2119512432814179,1,30
375,6,92,0.3168174371022965,1,48
375,12,98,0.07194997438377526,1,87
375,18,39,0.292817872540758,0,5
375,24,66,0.7873690471473411,1,41
376,6,82,0.4908566508531327,1,12
376,12,25,0.6852918838691188,0,2
376,18,82,0.1838667004665312,1,73
376,24,30,0.3704388819271831,0,7
377,6,17,0.45495369508691696,0,1
377,12,52,0.18501780525313338,1,37
377,18,7,0.5738817362387724,0,1
377,24,21,0.2459285765736836,1,14
378,6,16,0.04889270553883707,0,16
378,12,7,0.7380228914794993,0,2
378,18,89,0.8964778671256797,1,75
378,24,26,0.014023487222217579,0,16
379,6,52,0.6528952911401666,1,37
379,12,39,0.5617341245652062,0,35
379,18,34,0.6971438258969196,0,17
379,24,44,0.045650277289351116,1,28
380,6,77,0.01928047844530334,1,68
380,12,4,0.24980902431795782,0,2
380,18,57,0.9120979417585137,1,15
380,24,82,0.5732503558830087,1,64
381,6,53,0.6193088199668936,0,30
381,12,1,0.49404046572657023,0,0
381,18,54,0.9887556672683127,1,12
381,24,35,0.1702631207582066,0,6
382,6,49,0.9723310971094979,1,19
382,12,74,0.2455144965271887,1,2
382,18,51,0.7509349943343162,0,7
382,24,24,0.6955652716115811,0,22
383,6,97,0.3848989466006587,1,12
383,12,40,0.7484767768833043,0,33
383,18,7,0.5961868238852625,0,5
383,24,73,0.5581332645906779,1,32
384,6,68,0.09669707334689948,0,11
384,12,15,0.2390674541179708,0,13
384,18,84,0.4041500522694217,1,42
384,24,31,0.8232621584692025,0,17
385,6,88,0.3516792809488235,1,47
385,12,71,0.9651762634073079,0,46
385,18,9,0.790870389376463,0,0
385,24,21,0.7680667246274536,1,11
386,6,59,0.4353029765343085,1,41
386,12,95,0.28258657824934097,1,42
386,18,40,0.4359395031219323,0,36
386,24,14,0.9177585254507024,0,5
387,6,77,0.9574808523838434,1,26
387,12,24,0.2152026428633178,0,16
387,18,83,0.5419505959708986,1,76
387,24,77,0.10022636761033266,0,38
388,6,3,0.39129286943717345,0,3
388,12,3,0.2933901334381873,0,3
388,18,41,0.11785156159487953,1,30
388,24,28,0.6352716023662073,0,12
389,6,93,0.4519489872516316,1,32
389,12,7,0.9815252431534458,0,7
389,18,45,0.3270942510250243,1,24
389,24,19,0.2940807793751341,0,4
390,6,19,0.9891210549391425,0,1
390,12,74,0.46964409773314575,1,2
390,18,78,0.8701388995249099,1,48
390,24,59,0.3255451795849882,0,41
391,6,54,0.2866729307719794,0,32
391,12,38,0.13740864098548633,0,37
391,18,51,0.5787317649761858,1,18
391,24,10,0.8330169059384791,0,9
392,6,78,0.9012645668417778,1,32
392,12,23,0.40550382100421467,0,6
392,18,84,0.9988494706976394,1,2
392,24,10,0.3885140462917396,0,7
393,6,84,0.8954765500833284,1,23
393,12,80,0.8666202710203255,0,13
393,18,91,0.22227886125592577,1,74
393,24,38,0.6297511597889938,0,11
394,6,79,0.4382749829583049,1,26
394,12,21,0.154397425865758,0,7
394,18,48,0.6161062567782604,1,10
394,24,63,0.11559426541705298,1,20
395,6,43,0.4001703342362348,0,22
395,12,95,0.25541745427175944,1,17
395,18,74,0.6066557591012957,0,12
395,24,22,0.3204483355492026,0,10
396,6,97,0.33022947395366686,1,22
396,12,3,0.5700603386102154,0,1
396,18,9,0.2815136250257133,1,0
396,24,52,0.6345485057003057,1,0
397,6,74,0.5539606932357588,1,28
397,12,6,0.967970496351628,0,2
397,18,97,0.7401063286222178,1,21
397,24,95,0.5416246610621367,0,35
398,6,30,0.8483576384655978,0,21
398,12,5,0.24323501284303484,0,4
398,18,0,0.0057067447642379365,0,0
398,24,68,0.020593861081136255,1,22
399,6,40,0.8136634190451131,0,2
399,12,32,0.7745540149596621,0,7
399,18,92,0.21214687262915255,1,69
399,24,21,0.09881597499346739,0,9
400,6,13,0.8655035047094052,0,9
400,12,28,0.20058544215253782,1,26
400,18,43,0.5848300198471245,1,2
400,24,54,0.3567626660649169,1,44
401,6,60,0.17134799502474207,1,6
401,12,97,0.6996308531655808,1,70
401,18,12,0.28802639162363564,0,8
401,24,23,0.6045644880825316,1,18
402,6,73,0.46172520540265927,1,17
402,12,31,0.06946272805602782,0,17
402,18,85,0.8433018696806055,1,10
402,24,52,0.6252342995940489,0,23
403,6,81,0.6063514232788371,1,62
403,12,72,0.25640802610565483,0,62
403,18,29,0.8495810799713737,0,28
403,24,0,0.8983137515603845,0,0
404,6,28,0.8346558119476983,1,12
404,12,92,0.053782322022743245,1,40
404,18,90,0.06271953604223335,0,44
404,24,97,0.22263434355386458,1,0
405,6,54,0.093464158550984,0,3
405,12,12,0.15353513497654303,0,0
405,18,47,0.49591855531461493,1,23
405,24,47,0.46408037974235483,0,41
406,6,77,0.4099669010588345,1,42
406,12,32,0.9038745722721099,0,3
406,18,13,0.7912814727451654,0,0
406,24,79,0.8627999552192749,1,27
407,6,77,0.09562443983311064,0,65
407,12,6,0.08310032623396657,0,6
407,18,7,0.6288280514816154,1,7
407,24,79,0.2032621306274055,1,1
408,6,38,0.7644416978256442,0,0
408,12,97,0.3967319069777482,1,92
408,18,54,0.3120107414325388,0,6
408,24,55,0.9294164536155431,1,19
409,6,6,0.6223735987587142,0,5
409,12,80,0.3688130167740652,1,17
409,18,70,0.3028121421992328,0,61
409,24,27,0.5888606587185662,0,17
410,6,63,0.30893725755355705,1,5
410,12,59,0.215225357445192,0,38
410,18,44,0.2687185019655831,0,17
410,24,68,0.8256859269371959,1,40
411,6,75,0.955827473510729,1,29
411,12,63,0.4201037736002545,0,29
411,18,29,0.40456773367402277,0,4
411,24,83,0.21347875434827657,1,83
412,6,73,0.5791457648442073,0,16
412,12,87,0.9826032279645155,1,8
412,18,10,0.2363521232871243,0,8
412,24,48,0.23490379784241244,1,33
413,6,90,0.7309271356156273,1,61
413,12,53,0.5369851998449794,0,9
413,18,98,0.6839833163277906,1,43
413,24,75,0.002119200582514358,0,34
414,6,4,0.6481137391673286,0,0
414,12,15,0.2668966587347462,1,13
414,18,60,0.8340089252822628,1,49
414,24,59,0.960662568849861,0,21
415,6,15,0.5469378550875404,0,0
415,12,14,0.2367184326555477,0,9
415,18,65,0.7377163431064173,1,60
415,24,77,0.9564377220302126,1,34
416,6,96,0.12230917618019155,1,63
416,12,49,0.16144331552387803,0,32
416,18,38,0.29197628386411234,0,32
416,24,56,0.04143797319026221,1,45
417,6,52,0.7351826035614274,0,7
417,12,48,0.9274321579253244,0,29
417,18,62,0.7707571980963183,1,32
417,24,45,0.2137674550063522,0,41
418,6,88,0.6150280734962223,1,4
418,12,6,0.9687522649499429,0,4
418,18,92,0.72576140365273,1,80
418,24,63,0.574611658352096,0,48
419,6,29,0.6615091083702581,0,6
419,12,41,0.4670729634526374,1,30
419,18,75,0.9028597992341865,1,14
419,24,30,0.2070307025605047,0,12
420,6,85,0.9301314802515238,1,85
420,12,51,0.1077671612316834,0,15
420,18,46,0.893728178703947,0,0
420,24,39,0.9355332531289936,0,7
421,6,49,0.9212086823380449,1,39
421,12,29,0.6555317003892331,0,12
421,18,29,0.28884372856369844,0,18
421,24,84,0.08429489001561263,1,47
422,6,34,0.8458049626045843,0,27
422,12,72,0.11143125774344087,1,27
422,18,41,0.4141698865130268,0,24
422,24,7,0.41462137101156293,0,1
423,6,87,0.2992270072070311,1,81
423,12,80,0.4318827440627995,0,21
423,18,32,0.30570623337837266,0,6
423,24,5,0.6245337309113459,0,3
424,6,98,0.15708565559843202,1,90
424,12,4,0.8740530556859273,0,1
424,18,77,0.8835908813212714,1,52
424,24,47,0.8066343483503036,0,21
425,6,44,0.484405952727356,0,38
425,12,26,0.017454433871561426,0,12
425,18,17,0.5857902884113176,0,3
425,24,52,0.35089063354674366,1,17
426,6,63,0.24275034703311382,1,26
426,12,10,0.4279971286075255,0,9
426,18,91,0.9975223969615845,1,52
426,24,90,0.8464212507261393,0,18
427,6,69,0.5702871292645562,0,27
427,12,33,0.32013241902357137,0,17
427,18,66,0.8880197872609319,1,27
427,24,90,0.6659831925614799,1,59
428,6,79,0.7639366306842506,0,28
428,12,13,0.8597454742527675,0,7
428,18,51,0.009142470145805826,1,4
428,24,66,0.463290757059726,1,32
429,6,52,0.8769521337272848,0,34
429,12,68,0.7224625490171117,1,16
429,18,20,0.8639850356343727,0,19
429,24,85,0.5202131903737685,1,19
430,6,1,0.33998173465692627,0,1
430,12,8,0.39602292074016165,1,3
430,18,28,0.006168502688383315,1,22
430,24,5,0.8836520653118232,0,0
431,6,13,0.8735188120735871,1,6
431,12,13,0.4428062382193281,0,10
431,18,63,0.22393636718318,1,5
431,24,22,0.3687840470887088,0,8
432,6,87,0.3539290334256152,1,85
432,12,30,0.8064707863903394,0,11
432,18,17,0.392546975796192,0,12
432,24,94,0.1842207349162548,1,70
433,6,68,0.7825159507767236,0,50
433,12,46,0.7777827662055785,0,30
433,18,13,0.17199876473276687,0,8
433,24,12,0.32557293011255484,0,1
434,6,62,0.4825377339397674,1,30
434,12,2,0.02974189332867394,0,0
434,18,85,0.4267613156965354,1,81
434,24,56,0.6395468694606978,0,9
435,6,20,0.9787925234597579,0,3
435,12,2,0.5942036339294536,0,2
435,18,95,0.22488757795687098,1,83
435,24,94,0.3567896355557242,0,81
436,6,21,0.8912571748457477,0,5
436,12,25,0.4545112460581546,1,23
436,18,17,0.9968015770903828,0,12
436,24,22,0.7430936757478591,1,2
437,6,74,0.29025664482108837,1,25
437,12,87,0.32722351636201796,1,67
437,18,76,0.028509012730633,0,54
437,24,26,0.7303304361127944,0,16
438,6,74,0.5290317128382952,1,21
438,12,96,0.994923038490458,1,31
438,18,36,0.48993595170703297,0,14
438,24,26,0.5104948176679183,0,10
439,6,6,0.9814766941964627,0,1
439,12,50,0.7339897995995202,1,31
439,18,97,0.573745638999508,1,4
439,24,96,0.12688464755751283,0,58
440,6,17,0.9817162253943179,0,0
440,12,35,0.23564651582542917,1,23
440,18,91,0.33427009036436417,1,71
440,24,4,0.8550086833903139,0,4
441,6,58,0.5249399348729624,1,10
441,12,19,0.9445318599595849,0,0
441,18,50,0.8187387083623908,1,23
441,24,2,0.5696537185881506,0,0
442,6,98,0.5762645518347026,1,77
442,12,56,0.8317902952641709,0,5
442,18,76,0.44755252492595343,1,40
442,24,7,0.7603507798895006,0,6
443,6,58,0.4293499731652626,1,39
443,12,91,0.7667417593350573,1,55
443,18,36,0.9152621167667498,0,3
443,24,0,0.9726617047666072,0,0
444,6,60,0.3876630747924975,1,46
444,12,90,0.6383783607286124,1,76
444,18,56,0.3141420551957639,0,30
444,24,30,0.2195575492707541,0,11
445,6,38,0.6497754598559236,1,10
445,12,84,0.8022478743913937,1,3
445,18,87,0.025264615822045644,1,68
445,24,74,0.4866951444269766,0,57
446,6,40,0.9962704106744937,0,18
446,12,61,0.7140340320621285,1,61
446,18,82,0.5133578213260043,1,49
446,24,33,0.9708611621755349,0,2
447,6,29,0.2514379898477789,0,6
447,12,53,0.5725319459975259,1,51
447,18,9,0.4503704384656775,0,1
447,24,21,0.11580781447194133,1,15
448,6,72,0.18904834536134063,1,27
448,12,85,0.22002506779617392,1,4
448,18,69,0.7555216662925428,0,38
448,24,34,0.3141576306073206,0,31
449,6,48,0.2831826497449378,1,23
449,12,78,0.26849277988482756,1,18
449,18,42,0.32166993186739834,0,14
449,24,19,0.9545217981958232,0,9
450,6,2,0.08994842129741754,0,1
450,12,1,0.705658761732061,0,0
450,18,54,0.17108461156818533,1,16
450,24,6,0.44282023837407547,0,2
451,6,40,0.4933211500252962,1,6
451,12,65,0.5060674219645132,1,62
451,18,55,0.45379604632082793,0,45
451,24,72,0.4683538415392995,1,50
452,6,48,0.4547453733386384,0,44
452,12,42,0.8918275135185911,0,32
452,18,24,0.8690304906678847,0,24
452,24,21,0.8337571252608733,0,7
453,6,16,0.978095795177617,0,14
453,12,12,0.5910018753849979,0,12
453,18,19,0.19002441287277128,1,10
453,24,23,0.7522185283623327,1,9
454,6,26,0.42684048043626766,1,8
454,12,78,0.8750308628784605,1,65
454,18,41,0.2564907855208284,0,9
454,24,35,0.2109167943288235,0,25
455,6,29,0.9633541106177699,0,29
455,12,78,0.8056384973084381,1,38
455,18,87,0.8718814719136128,1,36
455,24,77,0.3591078679683457,0,74
456,6,92,0.2253530443498083,1,90
456,12,6,0.5453332355295053,0,1
456,18,42,0.624750499682892,1,22
456,24,66,0.6803233158341575,1,13
457,6,93,0.4659277654153047,1,66
457,12,42,0.09223791853742191,0,14
457,18,16,0.05238147815768357,0,13
457,24,48,0.7233948151481734,1,18
458,6,68,0.6749072377675764,1,42
458,12,19,0.4714743633206204,0,16
458,18,21,0.2080080771419126,1,3
458,24,92,0.9506268440990424,1,21
459,6,36,0.21131271253504658,0,2
459,12,37,0.4981965883288707,1,28
459,18,97,0.5359115001317682,1,59
459,24,11,0.7828608364481526,0,7
460,6,91,0.3431028158918812,1,53
460,12,75,0.8233456130609975,0,10
460,18,6,0.22451591352895728,0,3
460,24,96,0.800426582408103,1,50
461,6,90,0.5261075786294822,0,52
461,12,41,0.05163850378328683,0,18
461,18,92,0.2327489447684039,1,57
461,24,58,0.02209713845038952,0,32
462,6,48,0.6529977873790449,0,47
462,12,58,0.052017760095763754,1,33
462,18,46,0.2339482170950924,0,40
462,24,84,0.34994700154535463,1,26
463,6,12,0.11860379831389711,0,0
463,12,65,0.7694462976759633,1,58
463,18,11,0.1780539639733313,0,4
463,24,96,0.27414717068364347,1,17
464,6,36,0.653536222376655,0,6
464,12,81,0.8353634419672071,1,55
464,18,92,0.3544497254793477,1,1
464,24,43,0.3078898442877145,0,28
465,6,62,0.06196316535048574,1,25
465,12,33,0.7003918700617965,0,22
465,18,89,0.8143109949987235,1,88
465,24,82,0.7010192060792861,0,61
466,6,93,0.12355430760469333,1,73
466,12,53,0.3597239488142908,0,5
466,18,93,0.5414420544088834,1,20
466,24,31,0.697435325091943,0,24
467,6,5,0.08996075699496531,0,5
467,12,94,0.5415591862342951,1,34
467,18,35,0.8026037556528072,0,1
467,24,81,0.16968319399456544,1,28
468,6,15,0.13653115124965365,0,3
468,12,39,0.8634379308139066,1,10
468,18,42,0.24993820482670237,1,32
468,24,41,0.9654116519602995,0,7
469,6,70,0.48551844929291454,1,41
469,12,93,0.684365767728009,1,27
469,18,86,0.43112761916213715,0,5
469,24,48,0.028709135779638073,0,19
470,6,15,0.6098002729934596,0,14
470,12,39,0.8434797410183659,1,34
470,18,5,0.8740443952651521,0,5
470,24,59,0.8681320450707365,1,13
471,6,25,0.5626025006606753,0,4
471,12,22,0.1563479044055638,0,10
471,18,80,0.612253488028394,1,17
471,24,97,0.15354833750109453,1,65
472,6,19,0.3999428334932018,0,2
472,12,38,0.7333710756806486,1,23
472,18,74,0.5190057379707126,1,65
472,24,21,0.48327253185095653,0,7
473,6,70,0.3692793604179675,1,21
473,12,46,0.6495986035673993,0,20
473,18,7,0.6101830567885839,0,6
473,24,47,0.8460666180576957,1,9
474,6,55,0.9031350010257255,1,6
474,12,25,0.24577147375364183,0,3
474,18,2,0.021651278697795262,0,0
474,24,4,0.012377492293592307,1,1
475,6,12,0.5407186614503974,1,1
475,12,81,0.6575845136457193,1,33
475,18,39,0.385971858526884,0,23
475,24,66,0.8683473921595595,1,16
476,6,54,0.043224518239382226,0,53
476,12,10,0.25353087039981537,0,5
476,18,75,0.47882204112481874,1,65
476,24,30,0.697150884921849,0,13
477,6,6,0.5177837224740984,0,0
477,12,59,0.38741633010240006,1,39
477,18,76,0.721335775762215,1,60
477,24,28,0.3923461887593227,0,0
478,6,85,0.22408807994315116,1,21
478,12,32,0.6972835331533115,0,12
478,18,85,0.3141953847609308,1,38
478,24,61,0.804484580639765,0,1
479,6,63,0.7435298860366728,1,19
479,12,49,0.47830727914361026,0,23
479,18,12,0.6025478033090549,0,12
479,24,99,0.4986793178425323,1,66
480,6,87,0.6673295546956671,0,5
480,12,68,0.6848656909535711,0,45
480,18,0,0.6629568491830067,0,0
480,24,28,0.19995627763401158,1,24
481,6,48,0.781599493804971,1,5
481,12,69,0.8201505774561454,1,20
481,18,42,0.09798911809433475,0,30
481,24,36,0.2348013809631848,0,0
482,6,27,0.8112846707946355,0,14
482,12,46,0.3790918413830967,1,44
482,18,94,0.19166676239802682,1,81
482,24,35,0.8217169010528523,0,15
483,6,24,0.31155016795596224,0,4
483,12,21,0.0019134057369375457,0,10
483,18,96,0.8484264195716383,1,39
483,24,12,0.6283156653995795,0,3
484,6,62,0.13257190377780814,1,16
484,12,2,0.993572912240092,0,2
484,18,93,0.43468689439546404,1,25
484,24,75,0.30083023074534976,0,56
485,6,19,0.09939168854485436,0,19
485,12,31,0.9372778600532318,1,23
485,18,9,0.6917815014545353,0,6
485,24,54,0.14378290088753642,1,26
486,6,38,0.409021941700326,0,5
486,12,62,0.9855530470615892,1,27
486,18,81,0.49725263856702906,1,62
486,24,92,0.25528384599985265,1,74
487,6,90,0.6820441580739537,0,13
487,12,37,0.6078819116858772,0,27
487,18,57,0.701051347025369,1,3
487,24,85,0.9055533050690241,1,62
488,6,8,0.9897257134463857,0,7
488,12,48,0.15640641541009714,1,15
488,18,12,0.3633530748707552,0,10
488,24,30,0.26615177523597866,1,22
489,6,67,0.5453453080357036,1,62
489,12,55,0.1252732121483372,0,52
489,18,53,0.374858807937846,0,17
489,24,95,0.9900327893396974,1,29
490,6,73,0.40291589783042614,0,14
490,12,77,0.3254302016339641,1,26
490,18,84,0.8059982192024053,1,67
490,24,5,0.18479208090286203,0,5
491,6,62,0.7425071096795095,1,35
491,12,44,0.4325632452721413,0,39
491,18,90,0.7908171298479201,1,56
491,24,5,0.7699848944190499,0,0
492,6,31,0.8115177834096481,1,8
492,12,81,0.26281097224476124,1,63
492,18,97,0.20625576073544782,1,30
492,24,98,0.3220481175669019,1,82
493,6,80,0.5483606269962591,0,47
493,12,65,0.35978564813912894,0,39
493,18,82,0.18330767928911917,1,62
493,24,33,0.16168559205986266,0,24
494,6,54,0.08496425678773878,1,31
494,12,71,0.07149817472672082,1,55
494,18,92,0.3299609982691112,1,39
494,24,72,0.5739648134474863,0,49
495,6,71,0.18721590034273206,0,37
495,12,6,0.9646214204124898,0,4
495,18,73,0.12420792224288124,1,31
495,24,1,0.6192743894274574,0,0
496,6,84,0.694516669436126,1,39
496,12,54,0.8763047731550418,0,26
496,18,93,0.8190384660326966,1,12
496,24,60,0.8038799043106127,0,51
497,6,18,0.5866609015351087,0,8
497,12,29,0.9502972247496253,1,25
497,18,84,0.06777067126247383,1,79
497,24,80,0.041880708138893,0,4
498,6,21,0.9524676295911634,0,12
498,12,10,0.8998618596991981,0,0
498,18,38,0.611107924301997,1,31
498,24,66,0.6031808022850336,1,48
499,6,47,0.7813008235235426,0,23
499,12,18,0.46728434838453226,0,3
499,18,8,0.509784807200576,0,3
499,24,40,0.9323623246274172,1,13
500,6,98,0.1727936019740468,1,19
500,12,52,0.6568190087322758,0,38
500,18,79,0.4508630083786709,1,57
500,24,28,0.3856975003894868,0,20
